Location,Month,Model,Surface Temperature,Middle Temperature,Bottom Temperature,pH,Ammonia,Nitrate,Phosphate,Dissolved Oxygen,WQI,WQI_Status,Ammonia_Level,Nitrate_Level,Phosphate_Level
TANAUAN,Month 1,CNN,0.280021,0.53552747,0.20326117,0.43100876,0.04804367,0.04582981,0.5287689,0.25708583,65.87151911873885,Poor,Low,Low,High
TANAUAN,Month 1,LSTM,0.35118717,0.5499199,0.2311076,0.4489753,0.03351117,0.07912451,0.59008527,0.23753971,65.87201140828006,Poor,Low,Low,High
TANAUAN,Month 1,CNN-LSTM,0.35048574,0.5445583,0.2549123,0.37738472,0.03659652,0.095804475,0.54039276,0.25902075,65.87225803529027,Poor,Low,Low,High
TANAUAN,Month 2,CNN,0.280021,0.53552747,0.20326117,0.43100876,0.04804367,0.04582981,0.5287689,0.25708583,65.87151911873885,Poor,Low,Low,High
TANAUAN,Month 2,LSTM,0.35118717,0.5499199,0.2311076,0.4489753,0.03351117,0.07912451,0.59008527,0.23753971,65.87201140828006,Poor,Low,Low,High
TANAUAN,Month 2,CNN-LSTM,0.35048574,0.5445583,0.2549123,0.37738472,0.03659652,0.095804475,0.54039276,0.25902075,65.87225803529027,Poor,Low,Low,High
TANAUAN,Month 3,CNN,0.280021,0.53552747,0.20326117,0.43100876,0.04804367,0.04582981,0.5287689,0.25708583,65.87151911873885,Poor,Low,Low,High
TANAUAN,Month 3,LSTM,0.35118717,0.5499199,0.2311076,0.4489753,0.03351117,0.07912451,0.59008527,0.23753971,65.87201140828006,Poor,Low,Low,High
TANAUAN,Month 3,CNN-LSTM,0.35048574,0.5445583,0.2549123,0.37738472,0.03659652,0.095804475,0.54039276,0.25902075,65.87225803529027,Poor,Low,Low,High
TANAUAN,Month 4,CNN,0.280021,0.53552747,0.20326117,0.43100876,0.04804367,0.04582981,0.5287689,0.25708583,65.87151911873885,Poor,Low,Low,High
TANAUAN,Month 4,LSTM,0.35118717,0.5499199,0.2311076,0.4489753,0.03351117,0.07912451,0.59008527,0.23753971,65.87201140828006,Poor,Low,Low,High
TANAUAN,Month 4,CNN-LSTM,0.35048574,0.5445583,0.2549123,0.37738472,0.03659652,0.095804475,0.54039276,0.25902075,65.87225803529027,Poor,Low,Low,High
TANAUAN,Month 5,CNN,0.280021,0.53552747,0.20326117,0.43100876,0.04804367,0.04582981,0.5287689,0.25708583,65.87151911873885,Poor,Low,Low,High
TANAUAN,Month 5,LSTM,0.35118717,0.5499199,0.2311076,0.4489753,0.03351117,0.07912451,0.59008527,0.23753971,65.87201140828006,Poor,Low,Low,High
TANAUAN,Month 5,CNN-LSTM,0.35048574,0.5445583,0.2549123,0.37738472,0.03659652,0.095804475,0.54039276,0.25902075,65.87225803529027,Poor,Low,Low,High
TANAUAN,Month 6,CNN,0.280021,0.53552747,0.20326117,0.43100876,0.04804367,0.04582981,0.5287689,0.25708583,65.87151911873885,Poor,Low,Low,High
TANAUAN,Month 6,LSTM,0.35118717,0.5499199,0.2311076,0.4489753,0.03351117,0.07912451,0.59008527,0.23753971,65.87201140828006,Poor,Low,Low,High
TANAUAN,Month 6,CNN-LSTM,0.35048574,0.5445583,0.2549123,0.37738472,0.03659652,0.095804475,0.54039276,0.25902075,65.87225803529027,Poor,Low,Low,High
TANAUAN,Month 7,CNN,0.280021,0.53552747,0.20326117,0.43100876,0.04804367,0.04582981,0.5287689,0.25708583,65.87151911873885,Poor,Low,Low,High
TANAUAN,Month 7,LSTM,0.35118717,0.5499199,0.2311076,0.4489753,0.03351117,0.07912451,0.59008527,0.23753971,65.87201140828006,Poor,Low,Low,High
TANAUAN,Month 7,CNN-LSTM,0.35048574,0.5445583,0.2549123,0.37738472,0.03659652,0.095804475,0.54039276,0.25902075,65.87225803529027,Poor,Low,Low,High
TANAUAN,Month 8,CNN,0.280021,0.53552747,0.20326117,0.43100876,0.04804367,0.04582981,0.5287689,0.25708583,65.87151911873885,Poor,Low,Low,High
TANAUAN,Month 8,LSTM,0.35118717,0.5499199,0.2311076,0.4489753,0.03351117,0.07912451,0.59008527,0.23753971,65.87201140828006,Poor,Low,Low,High
TANAUAN,Month 8,CNN-LSTM,0.35048574,0.5445583,0.2549123,0.37738472,0.03659652,0.095804475,0.54039276,0.25902075,65.87225803529027,Poor,Low,Low,High
TANAUAN,Month 9,CNN,0.280021,0.53552747,0.20326117,0.43100876,0.04804367,0.04582981,0.5287689,0.25708583,65.87151911873885,Poor,Low,Low,High
TANAUAN,Month 9,LSTM,0.35118717,0.5499199,0.2311076,0.4489753,0.03351117,0.07912451,0.59008527,0.23753971,65.87201140828006,Poor,Low,Low,High
TANAUAN,Month 9,CNN-LSTM,0.35048574,0.5445583,0.2549123,0.37738472,0.03659652,0.095804475,0.54039276,0.25902075,65.87225803529027,Poor,Low,Low,High
TANAUAN,Month 10,CNN,0.280021,0.53552747,0.20326117,0.43100876,0.04804367,0.04582981,0.5287689,0.25708583,65.87151911873885,Poor,Low,Low,High
TANAUAN,Month 10,LSTM,0.35118717,0.5499199,0.2311076,0.4489753,0.03351117,0.07912451,0.59008527,0.23753971,65.87201140828006,Poor,Low,Low,High
TANAUAN,Month 10,CNN-LSTM,0.35048574,0.5445583,0.2549123,0.37738472,0.03659652,0.095804475,0.54039276,0.25902075,65.87225803529027,Poor,Low,Low,High
TANAUAN,Month 11,CNN,0.280021,0.53552747,0.20326117,0.43100876,0.04804367,0.04582981,0.5287689,0.25708583,65.87151911873885,Poor,Low,Low,High
TANAUAN,Month 11,LSTM,0.35118717,0.5499199,0.2311076,0.4489753,0.03351117,0.07912451,0.59008527,0.23753971,65.87201140828006,Poor,Low,Low,High
TANAUAN,Month 11,CNN-LSTM,0.35048574,0.5445583,0.2549123,0.37738472,0.03659652,0.095804475,0.54039276,0.25902075,65.87225803529027,Poor,Low,Low,High
TANAUAN,Month 12,CNN,0.280021,0.53552747,0.20326117,0.43100876,0.04804367,0.04582981,0.5287689,0.25708583,65.87151911873885,Poor,Low,Low,High
TANAUAN,Month 12,LSTM,0.35118717,0.5499199,0.2311076,0.4489753,0.03351117,0.07912451,0.59008527,0.23753971,65.87201140828006,Poor,Low,Low,High
TANAUAN,Month 12,CNN-LSTM,0.35048574,0.5445583,0.2549123,0.37738472,0.03659652,0.095804475,0.54039276,0.25902075,65.87225803529027,Poor,Low,Low,High
MATAAS NA KAHOY,Month 1,CNN,0.25100955,0.5519091,0.24967039,0.6174706,0.030784108,0.082159206,0.63378346,0.28209096,65.87205627875798,Poor,Low,Low,High
MATAAS NA KAHOY,Month 1,LSTM,0.3056893,0.5392808,0.2345421,0.6562805,0.016445847,0.09216045,0.6099596,0.26512632,65.8722041553816,Poor,Low,Low,High
MATAAS NA KAHOY,Month 1,CNN-LSTM,0.3202414,0.5386747,0.2452986,0.74885565,0.0071223974,0.097841665,0.63201016,0.34159267,65.87228815682104,Poor,Low,Low,High
MATAAS NA KAHOY,Month 2,CNN,0.25100955,0.5519091,0.24967039,0.6174706,0.030784108,0.082159206,0.63378346,0.28209096,65.87205627875798,Poor,Low,Low,High
MATAAS NA KAHOY,Month 2,LSTM,0.3056893,0.5392808,0.2345421,0.6562805,0.016445847,0.09216045,0.6099596,0.26512632,65.8722041553816,Poor,Low,Low,High
MATAAS NA KAHOY,Month 2,CNN-LSTM,0.3202414,0.5386747,0.2452986,0.74885565,0.0071223974,0.097841665,0.63201016,0.34159267,65.87228815682104,Poor,Low,Low,High
MATAAS NA KAHOY,Month 3,CNN,0.25100955,0.5519091,0.24967039,0.6174706,0.030784108,0.082159206,0.63378346,0.28209096,65.87205627875798,Poor,Low,Low,High
MATAAS NA KAHOY,Month 3,LSTM,0.3056893,0.5392808,0.2345421,0.6562805,0.016445847,0.09216045,0.6099596,0.26512632,65.8722041553816,Poor,Low,Low,High
MATAAS NA KAHOY,Month 3,CNN-LSTM,0.3202414,0.5386747,0.2452986,0.74885565,0.0071223974,0.097841665,0.63201016,0.34159267,65.87228815682104,Poor,Low,Low,High
MATAAS NA KAHOY,Month 4,CNN,0.25100955,0.5519091,0.24967039,0.6174706,0.030784108,0.082159206,0.63378346,0.28209096,65.87205627875798,Poor,Low,Low,High
MATAAS NA KAHOY,Month 4,LSTM,0.3056893,0.5392808,0.2345421,0.6562805,0.016445847,0.09216045,0.6099596,0.26512632,65.8722041553816,Poor,Low,Low,High
MATAAS NA KAHOY,Month 4,CNN-LSTM,0.3202414,0.5386747,0.2452986,0.74885565,0.0071223974,0.097841665,0.63201016,0.34159267,65.87228815682104,Poor,Low,Low,High
MATAAS NA KAHOY,Month 5,CNN,0.25100955,0.5519091,0.24967039,0.6174706,0.030784108,0.082159206,0.63378346,0.28209096,65.87205627875798,Poor,Low,Low,High
MATAAS NA KAHOY,Month 5,LSTM,0.3056893,0.5392808,0.2345421,0.6562805,0.016445847,0.09216045,0.6099596,0.26512632,65.8722041553816,Poor,Low,Low,High
MATAAS NA KAHOY,Month 5,CNN-LSTM,0.3202414,0.5386747,0.2452986,0.74885565,0.0071223974,0.097841665,0.63201016,0.34159267,65.87228815682104,Poor,Low,Low,High
MATAAS NA KAHOY,Month 6,CNN,0.25100955,0.5519091,0.24967039,0.6174706,0.030784108,0.082159206,0.63378346,0.28209096,65.87205627875798,Poor,Low,Low,High
MATAAS NA KAHOY,Month 6,LSTM,0.3056893,0.5392808,0.2345421,0.6562805,0.016445847,0.09216045,0.6099596,0.26512632,65.8722041553816,Poor,Low,Low,High
MATAAS NA KAHOY,Month 6,CNN-LSTM,0.3202414,0.5386747,0.2452986,0.74885565,0.0071223974,0.097841665,0.63201016,0.34159267,65.87228815682104,Poor,Low,Low,High
MATAAS NA KAHOY,Month 7,CNN,0.25100955,0.5519091,0.24967039,0.6174706,0.030784108,0.082159206,0.63378346,0.28209096,65.87205627875798,Poor,Low,Low,High
MATAAS NA KAHOY,Month 7,LSTM,0.3056893,0.5392808,0.2345421,0.6562805,0.016445847,0.09216045,0.6099596,0.26512632,65.8722041553816,Poor,Low,Low,High
MATAAS NA KAHOY,Month 7,CNN-LSTM,0.3202414,0.5386747,0.2452986,0.74885565,0.0071223974,0.097841665,0.63201016,0.34159267,65.87228815682104,Poor,Low,Low,High
MATAAS NA KAHOY,Month 8,CNN,0.25100955,0.5519091,0.24967039,0.6174706,0.030784108,0.082159206,0.63378346,0.28209096,65.87205627875798,Poor,Low,Low,High
MATAAS NA KAHOY,Month 8,LSTM,0.3056893,0.5392808,0.2345421,0.6562805,0.016445847,0.09216045,0.6099596,0.26512632,65.8722041553816,Poor,Low,Low,High
MATAAS NA KAHOY,Month 8,CNN-LSTM,0.3202414,0.5386747,0.2452986,0.74885565,0.0071223974,0.097841665,0.63201016,0.34159267,65.87228815682104,Poor,Low,Low,High
MATAAS NA KAHOY,Month 9,CNN,0.25100955,0.5519091,0.24967039,0.6174706,0.030784108,0.082159206,0.63378346,0.28209096,65.87205627875798,Poor,Low,Low,High
MATAAS NA KAHOY,Month 9,LSTM,0.3056893,0.5392808,0.2345421,0.6562805,0.016445847,0.09216045,0.6099596,0.26512632,65.8722041553816,Poor,Low,Low,High
MATAAS NA KAHOY,Month 9,CNN-LSTM,0.3202414,0.5386747,0.2452986,0.74885565,0.0071223974,0.097841665,0.63201016,0.34159267,65.87228815682104,Poor,Low,Low,High
MATAAS NA KAHOY,Month 10,CNN,0.25100955,0.5519091,0.24967039,0.6174706,0.030784108,0.082159206,0.63378346,0.28209096,65.87205627875798,Poor,Low,Low,High
MATAAS NA KAHOY,Month 10,LSTM,0.3056893,0.5392808,0.2345421,0.6562805,0.016445847,0.09216045,0.6099596,0.26512632,65.8722041553816,Poor,Low,Low,High
MATAAS NA KAHOY,Month 10,CNN-LSTM,0.3202414,0.5386747,0.2452986,0.74885565,0.0071223974,0.097841665,0.63201016,0.34159267,65.87228815682104,Poor,Low,Low,High
MATAAS NA KAHOY,Month 11,CNN,0.25100955,0.5519091,0.24967039,0.6174706,0.030784108,0.082159206,0.63378346,0.28209096,65.87205627875798,Poor,Low,Low,High
MATAAS NA KAHOY,Month 11,LSTM,0.3056893,0.5392808,0.2345421,0.6562805,0.016445847,0.09216045,0.6099596,0.26512632,65.8722041553816,Poor,Low,Low,High
MATAAS NA KAHOY,Month 11,CNN-LSTM,0.3202414,0.5386747,0.2452986,0.74885565,0.0071223974,0.097841665,0.63201016,0.34159267,65.87228815682104,Poor,Low,Low,High
MATAAS NA KAHOY,Month 12,CNN,0.25100955,0.5519091,0.24967039,0.6174706,0.030784108,0.082159206,0.63378346,0.28209096,65.87205627875798,Poor,Low,Low,High
MATAAS NA KAHOY,Month 12,LSTM,0.3056893,0.5392808,0.2345421,0.6562805,0.016445847,0.09216045,0.6099596,0.26512632,65.8722041553816,Poor,Low,Low,High
MATAAS NA KAHOY,Month 12,CNN-LSTM,0.3202414,0.5386747,0.2452986,0.74885565,0.0071223974,0.097841665,0.63201016,0.34159267,65.87228815682104,Poor,Low,Low,High
SAN NICOLAS,Month 1,CNN,0.4107597,0.5988354,0.31746063,0.8041321,0.010345331,0.08531468,0.6138295,0.46652785,65.87210293503804,Poor,Low,Low,High
SAN NICOLAS,Month 1,LSTM,0.43950224,0.57267034,0.28889212,0.7788041,0.02229782,0.07710679,0.6356197,0.43170753,65.87198157462926,Poor,Low,Low,High
SAN NICOLAS,Month 1,CNN-LSTM,0.43102765,0.5898827,0.29497162,0.7802883,0.011161312,0.093695514,0.62541795,0.4455776,65.8722268525662,Poor,Low,Low,High
SAN NICOLAS,Month 2,CNN,0.4107597,0.5988354,0.31746063,0.8041321,0.010345331,0.08531468,0.6138295,0.46652785,65.87210293503804,Poor,Low,Low,High
SAN NICOLAS,Month 2,LSTM,0.43950224,0.57267034,0.28889212,0.7788041,0.02229782,0.07710679,0.6356197,0.43170753,65.87198157462926,Poor,Low,Low,High
SAN NICOLAS,Month 2,CNN-LSTM,0.43102765,0.5898827,0.29497162,0.7802883,0.011161312,0.093695514,0.62541795,0.4455776,65.8722268525662,Poor,Low,Low,High
SAN NICOLAS,Month 3,CNN,0.4107597,0.5988354,0.31746063,0.8041321,0.010345331,0.08531468,0.6138295,0.46652785,65.87210293503804,Poor,Low,Low,High
SAN NICOLAS,Month 3,LSTM,0.43950224,0.57267034,0.28889212,0.7788041,0.02229782,0.07710679,0.6356197,0.43170753,65.87198157462926,Poor,Low,Low,High
SAN NICOLAS,Month 3,CNN-LSTM,0.43102765,0.5898827,0.29497162,0.7802883,0.011161312,0.093695514,0.62541795,0.4455776,65.8722268525662,Poor,Low,Low,High
SAN NICOLAS,Month 4,CNN,0.4107597,0.5988354,0.31746063,0.8041321,0.010345331,0.08531468,0.6138295,0.46652785,65.87210293503804,Poor,Low,Low,High
SAN NICOLAS,Month 4,LSTM,0.43950224,0.57267034,0.28889212,0.7788041,0.02229782,0.07710679,0.6356197,0.43170753,65.87198157462926,Poor,Low,Low,High
SAN NICOLAS,Month 4,CNN-LSTM,0.43102765,0.5898827,0.29497162,0.7802883,0.011161312,0.093695514,0.62541795,0.4455776,65.8722268525662,Poor,Low,Low,High
SAN NICOLAS,Month 5,CNN,0.4107597,0.5988354,0.31746063,0.8041321,0.010345331,0.08531468,0.6138295,0.46652785,65.87210293503804,Poor,Low,Low,High
SAN NICOLAS,Month 5,LSTM,0.43950224,0.57267034,0.28889212,0.7788041,0.02229782,0.07710679,0.6356197,0.43170753,65.87198157462926,Poor,Low,Low,High
SAN NICOLAS,Month 5,CNN-LSTM,0.43102765,0.5898827,0.29497162,0.7802883,0.011161312,0.093695514,0.62541795,0.4455776,65.8722268525662,Poor,Low,Low,High
SAN NICOLAS,Month 6,CNN,0.4107597,0.5988354,0.31746063,0.8041321,0.010345331,0.08531468,0.6138295,0.46652785,65.87210293503804,Poor,Low,Low,High
SAN NICOLAS,Month 6,LSTM,0.43950224,0.57267034,0.28889212,0.7788041,0.02229782,0.07710679,0.6356197,0.43170753,65.87198157462926,Poor,Low,Low,High
SAN NICOLAS,Month 6,CNN-LSTM,0.43102765,0.5898827,0.29497162,0.7802883,0.011161312,0.093695514,0.62541795,0.4455776,65.8722268525662,Poor,Low,Low,High
SAN NICOLAS,Month 7,CNN,0.4107597,0.5988354,0.31746063,0.8041321,0.010345331,0.08531468,0.6138295,0.46652785,65.87210293503804,Poor,Low,Low,High
SAN NICOLAS,Month 7,LSTM,0.43950224,0.57267034,0.28889212,0.7788041,0.02229782,0.07710679,0.6356197,0.43170753,65.87198157462926,Poor,Low,Low,High
SAN NICOLAS,Month 7,CNN-LSTM,0.43102765,0.5898827,0.29497162,0.7802883,0.011161312,0.093695514,0.62541795,0.4455776,65.8722268525662,Poor,Low,Low,High
SAN NICOLAS,Month 8,CNN,0.4107597,0.5988354,0.31746063,0.8041321,0.010345331,0.08531468,0.6138295,0.46652785,65.87210293503804,Poor,Low,Low,High
SAN NICOLAS,Month 8,LSTM,0.43950224,0.57267034,0.28889212,0.7788041,0.02229782,0.07710679,0.6356197,0.43170753,65.87198157462926,Poor,Low,Low,High
SAN NICOLAS,Month 8,CNN-LSTM,0.43102765,0.5898827,0.29497162,0.7802883,0.011161312,0.093695514,0.62541795,0.4455776,65.8722268525662,Poor,Low,Low,High
SAN NICOLAS,Month 9,CNN,0.4107597,0.5988354,0.31746063,0.8041321,0.010345331,0.08531468,0.6138295,0.46652785,65.87210293503804,Poor,Low,Low,High
SAN NICOLAS,Month 9,LSTM,0.43950224,0.57267034,0.28889212,0.7788041,0.02229782,0.07710679,0.6356197,0.43170753,65.87198157462926,Poor,Low,Low,High
SAN NICOLAS,Month 9,CNN-LSTM,0.43102765,0.5898827,0.29497162,0.7802883,0.011161312,0.093695514,0.62541795,0.4455776,65.8722268525662,Poor,Low,Low,High
SAN NICOLAS,Month 10,CNN,0.4107597,0.5988354,0.31746063,0.8041321,0.010345331,0.08531468,0.6138295,0.46652785,65.87210293503804,Poor,Low,Low,High
SAN NICOLAS,Month 10,LSTM,0.43950224,0.57267034,0.28889212,0.7788041,0.02229782,0.07710679,0.6356197,0.43170753,65.87198157462926,Poor,Low,Low,High
SAN NICOLAS,Month 10,CNN-LSTM,0.43102765,0.5898827,0.29497162,0.7802883,0.011161312,0.093695514,0.62541795,0.4455776,65.8722268525662,Poor,Low,Low,High
SAN NICOLAS,Month 11,CNN,0.4107597,0.5988354,0.31746063,0.8041321,0.010345331,0.08531468,0.6138295,0.46652785,65.87210293503804,Poor,Low,Low,High
SAN NICOLAS,Month 11,LSTM,0.43950224,0.57267034,0.28889212,0.7788041,0.02229782,0.07710679,0.6356197,0.43170753,65.87198157462926,Poor,Low,Low,High
SAN NICOLAS,Month 11,CNN-LSTM,0.43102765,0.5898827,0.29497162,0.7802883,0.011161312,0.093695514,0.62541795,0.4455776,65.8722268525662,Poor,Low,Low,High
SAN NICOLAS,Month 12,CNN,0.4107597,0.5988354,0.31746063,0.8041321,0.010345331,0.08531468,0.6138295,0.46652785,65.87210293503804,Poor,Low,Low,High
SAN NICOLAS,Month 12,LSTM,0.43950224,0.57267034,0.28889212,0.7788041,0.02229782,0.07710679,0.6356197,0.43170753,65.87198157462926,Poor,Low,Low,High
SAN NICOLAS,Month 12,CNN-LSTM,0.43102765,0.5898827,0.29497162,0.7802883,0.011161312,0.093695514,0.62541795,0.4455776,65.8722268525662,Poor,Low,Low,High
SUBIC-ILAYA,Month 1,CNN,0.4306195,0.61639583,0.35337532,0.7890733,-0.0056265676,0.09580612,0.6268103,0.40650827,65.87225805961296,Poor,Low,Low,High
SUBIC-ILAYA,Month 1,LSTM,0.4446401,0.6067975,0.32920662,0.77591884,0.021909444,0.07417789,0.63475484,0.36474612,65.87193826843226,Poor,Low,Low,High
SUBIC-ILAYA,Month 1,CNN-LSTM,0.4298119,0.61599743,0.33084977,0.7883249,0.009130403,0.09524775,0.6256531,0.38113713,65.87224980365296,Poor,Low,Low,High
SUBIC-ILAYA,Month 2,CNN,0.4306195,0.61639583,0.35337532,0.7890733,-0.0056265676,0.09580612,0.6268103,0.40650827,65.87225805961296,Poor,Low,Low,High
SUBIC-ILAYA,Month 2,LSTM,0.4446401,0.6067975,0.32920662,0.77591884,0.021909444,0.07417789,0.63475484,0.36474612,65.87193826843226,Poor,Low,Low,High
SUBIC-ILAYA,Month 2,CNN-LSTM,0.4298119,0.61599743,0.33084977,0.7883249,0.009130403,0.09524775,0.6256531,0.38113713,65.87224980365296,Poor,Low,Low,High
SUBIC-ILAYA,Month 3,CNN,0.4306195,0.61639583,0.35337532,0.7890733,-0.0056265676,0.09580612,0.6268103,0.40650827,65.87225805961296,Poor,Low,Low,High
SUBIC-ILAYA,Month 3,LSTM,0.4446401,0.6067975,0.32920662,0.77591884,0.021909444,0.07417789,0.63475484,0.36474612,65.87193826843226,Poor,Low,Low,High
SUBIC-ILAYA,Month 3,CNN-LSTM,0.4298119,0.61599743,0.33084977,0.7883249,0.009130403,0.09524775,0.6256531,0.38113713,65.87224980365296,Poor,Low,Low,High
SUBIC-ILAYA,Month 4,CNN,0.4306195,0.61639583,0.35337532,0.7890733,-0.0056265676,0.09580612,0.6268103,0.40650827,65.87225805961296,Poor,Low,Low,High
SUBIC-ILAYA,Month 4,LSTM,0.4446401,0.6067975,0.32920662,0.77591884,0.021909444,0.07417789,0.63475484,0.36474612,65.87193826843226,Poor,Low,Low,High
SUBIC-ILAYA,Month 4,CNN-LSTM,0.4298119,0.61599743,0.33084977,0.7883249,0.009130403,0.09524775,0.6256531,0.38113713,65.87224980365296,Poor,Low,Low,High
SUBIC-ILAYA,Month 5,CNN,0.4306195,0.61639583,0.35337532,0.7890733,-0.0056265676,0.09580612,0.6268103,0.40650827,65.87225805961296,Poor,Low,Low,High
SUBIC-ILAYA,Month 5,LSTM,0.4446401,0.6067975,0.32920662,0.77591884,0.021909444,0.07417789,0.63475484,0.36474612,65.87193826843226,Poor,Low,Low,High
SUBIC-ILAYA,Month 5,CNN-LSTM,0.4298119,0.61599743,0.33084977,0.7883249,0.009130403,0.09524775,0.6256531,0.38113713,65.87224980365296,Poor,Low,Low,High
SUBIC-ILAYA,Month 6,CNN,0.4306195,0.61639583,0.35337532,0.7890733,-0.0056265676,0.09580612,0.6268103,0.40650827,65.87225805961296,Poor,Low,Low,High
SUBIC-ILAYA,Month 6,LSTM,0.4446401,0.6067975,0.32920662,0.77591884,0.021909444,0.07417789,0.63475484,0.36474612,65.87193826843226,Poor,Low,Low,High
SUBIC-ILAYA,Month 6,CNN-LSTM,0.4298119,0.61599743,0.33084977,0.7883249,0.009130403,0.09524775,0.6256531,0.38113713,65.87224980365296,Poor,Low,Low,High
SUBIC-ILAYA,Month 7,CNN,0.4306195,0.61639583,0.35337532,0.7890733,-0.0056265676,0.09580612,0.6268103,0.40650827,65.87225805961296,Poor,Low,Low,High
SUBIC-ILAYA,Month 7,LSTM,0.4446401,0.6067975,0.32920662,0.77591884,0.021909444,0.07417789,0.63475484,0.36474612,65.87193826843226,Poor,Low,Low,High
SUBIC-ILAYA,Month 7,CNN-LSTM,0.4298119,0.61599743,0.33084977,0.7883249,0.009130403,0.09524775,0.6256531,0.38113713,65.87224980365296,Poor,Low,Low,High
SUBIC-ILAYA,Month 8,CNN,0.4306195,0.61639583,0.35337532,0.7890733,-0.0056265676,0.09580612,0.6268103,0.40650827,65.87225805961296,Poor,Low,Low,High
SUBIC-ILAYA,Month 8,LSTM,0.4446401,0.6067975,0.32920662,0.77591884,0.021909444,0.07417789,0.63475484,0.36474612,65.87193826843226,Poor,Low,Low,High
SUBIC-ILAYA,Month 8,CNN-LSTM,0.4298119,0.61599743,0.33084977,0.7883249,0.009130403,0.09524775,0.6256531,0.38113713,65.87224980365296,Poor,Low,Low,High
SUBIC-ILAYA,Month 9,CNN,0.4306195,0.61639583,0.35337532,0.7890733,-0.0056265676,0.09580612,0.6268103,0.40650827,65.87225805961296,Poor,Low,Low,High
SUBIC-ILAYA,Month 9,LSTM,0.4446401,0.6067975,0.32920662,0.77591884,0.021909444,0.07417789,0.63475484,0.36474612,65.87193826843226,Poor,Low,Low,High
SUBIC-ILAYA,Month 9,CNN-LSTM,0.4298119,0.61599743,0.33084977,0.7883249,0.009130403,0.09524775,0.6256531,0.38113713,65.87224980365296,Poor,Low,Low,High
SUBIC-ILAYA,Month 10,CNN,0.4306195,0.61639583,0.35337532,0.7890733,-0.0056265676,0.09580612,0.6268103,0.40650827,65.87225805961296,Poor,Low,Low,High
SUBIC-ILAYA,Month 10,LSTM,0.4446401,0.6067975,0.32920662,0.77591884,0.021909444,0.07417789,0.63475484,0.36474612,65.87193826843226,Poor,Low,Low,High
SUBIC-ILAYA,Month 10,CNN-LSTM,0.4298119,0.61599743,0.33084977,0.7883249,0.009130403,0.09524775,0.6256531,0.38113713,65.87224980365296,Poor,Low,Low,High
SUBIC-ILAYA,Month 11,CNN,0.4306195,0.61639583,0.35337532,0.7890733,-0.0056265676,0.09580612,0.6268103,0.40650827,65.87225805961296,Poor,Low,Low,High
SUBIC-ILAYA,Month 11,LSTM,0.4446401,0.6067975,0.32920662,0.77591884,0.021909444,0.07417789,0.63475484,0.36474612,65.87193826843226,Poor,Low,Low,High
SUBIC-ILAYA,Month 11,CNN-LSTM,0.4298119,0.61599743,0.33084977,0.7883249,0.009130403,0.09524775,0.6256531,0.38113713,65.87224980365296,Poor,Low,Low,High
SUBIC-ILAYA,Month 12,CNN,0.4306195,0.61639583,0.35337532,0.7890733,-0.0056265676,0.09580612,0.6268103,0.40650827,65.87225805961296,Poor,Low,Low,High
SUBIC-ILAYA,Month 12,LSTM,0.4446401,0.6067975,0.32920662,0.77591884,0.021909444,0.07417789,0.63475484,0.36474612,65.87193826843226,Poor,Low,Low,High
SUBIC-ILAYA,Month 12,CNN-LSTM,0.4298119,0.61599743,0.33084977,0.7883249,0.009130403,0.09524775,0.6256531,0.38113713,65.87224980365296,Poor,Low,Low,High
BAÑAGA,Month 1,CNN,0.28882647,0.5502573,0.25448033,0.42836934,0.0061024046,0.06493825,0.5227939,0.20835464,65.87180165275059,Poor,Low,Low,High
BAÑAGA,Month 1,LSTM,0.3636608,0.5680642,0.2407437,0.45189536,0.03682643,0.06938101,0.58138597,0.15190569,65.87186734261361,Poor,Low,Low,High
BAÑAGA,Month 1,CNN-LSTM,0.3786684,0.5660566,0.27201056,0.37526044,0.03433761,0.08764864,0.52027875,0.16775195,65.87213744455751,Poor,Low,Low,High
BAÑAGA,Month 2,CNN,0.28882647,0.5502573,0.25448033,0.42836934,0.0061024046,0.06493825,0.5227939,0.20835464,65.87180165275059,Poor,Low,Low,High
BAÑAGA,Month 2,LSTM,0.3636608,0.5680642,0.2407437,0.45189536,0.03682643,0.06938101,0.58138597,0.15190569,65.87186734261361,Poor,Low,Low,High
BAÑAGA,Month 2,CNN-LSTM,0.3786684,0.5660566,0.27201056,0.37526044,0.03433761,0.08764864,0.52027875,0.16775195,65.87213744455751,Poor,Low,Low,High
BAÑAGA,Month 3,CNN,0.28882647,0.5502573,0.25448033,0.42836934,0.0061024046,0.06493825,0.5227939,0.20835464,65.87180165275059,Poor,Low,Low,High
BAÑAGA,Month 3,LSTM,0.3636608,0.5680642,0.2407437,0.45189536,0.03682643,0.06938101,0.58138597,0.15190569,65.87186734261361,Poor,Low,Low,High
BAÑAGA,Month 3,CNN-LSTM,0.3786684,0.5660566,0.27201056,0.37526044,0.03433761,0.08764864,0.52027875,0.16775195,65.87213744455751,Poor,Low,Low,High
BAÑAGA,Month 4,CNN,0.28882647,0.5502573,0.25448033,0.42836934,0.0061024046,0.06493825,0.5227939,0.20835464,65.87180165275059,Poor,Low,Low,High
BAÑAGA,Month 4,LSTM,0.3636608,0.5680642,0.2407437,0.45189536,0.03682643,0.06938101,0.58138597,0.15190569,65.87186734261361,Poor,Low,Low,High
BAÑAGA,Month 4,CNN-LSTM,0.3786684,0.5660566,0.27201056,0.37526044,0.03433761,0.08764864,0.52027875,0.16775195,65.87213744455751,Poor,Low,Low,High
BAÑAGA,Month 5,CNN,0.28882647,0.5502573,0.25448033,0.42836934,0.0061024046,0.06493825,0.5227939,0.20835464,65.87180165275059,Poor,Low,Low,High
BAÑAGA,Month 5,LSTM,0.3636608,0.5680642,0.2407437,0.45189536,0.03682643,0.06938101,0.58138597,0.15190569,65.87186734261361,Poor,Low,Low,High
BAÑAGA,Month 5,CNN-LSTM,0.3786684,0.5660566,0.27201056,0.37526044,0.03433761,0.08764864,0.52027875,0.16775195,65.87213744455751,Poor,Low,Low,High
BAÑAGA,Month 6,CNN,0.28882647,0.5502573,0.25448033,0.42836934,0.0061024046,0.06493825,0.5227939,0.20835464,65.87180165275059,Poor,Low,Low,High
BAÑAGA,Month 6,LSTM,0.3636608,0.5680642,0.2407437,0.45189536,0.03682643,0.06938101,0.58138597,0.15190569,65.87186734261361,Poor,Low,Low,High
BAÑAGA,Month 6,CNN-LSTM,0.3786684,0.5660566,0.27201056,0.37526044,0.03433761,0.08764864,0.52027875,0.16775195,65.87213744455751,Poor,Low,Low,High
BAÑAGA,Month 7,CNN,0.28882647,0.5502573,0.25448033,0.42836934,0.0061024046,0.06493825,0.5227939,0.20835464,65.87180165275059,Poor,Low,Low,High
BAÑAGA,Month 7,LSTM,0.3636608,0.5680642,0.2407437,0.45189536,0.03682643,0.06938101,0.58138597,0.15190569,65.87186734261361,Poor,Low,Low,High
BAÑAGA,Month 7,CNN-LSTM,0.3786684,0.5660566,0.27201056,0.37526044,0.03433761,0.08764864,0.52027875,0.16775195,65.87213744455751,Poor,Low,Low,High
BAÑAGA,Month 8,CNN,0.28882647,0.5502573,0.25448033,0.42836934,0.0061024046,0.06493825,0.5227939,0.20835464,65.87180165275059,Poor,Low,Low,High
BAÑAGA,Month 8,LSTM,0.3636608,0.5680642,0.2407437,0.45189536,0.03682643,0.06938101,0.58138597,0.15190569,65.87186734261361,Poor,Low,Low,High
BAÑAGA,Month 8,CNN-LSTM,0.3786684,0.5660566,0.27201056,0.37526044,0.03433761,0.08764864,0.52027875,0.16775195,65.87213744455751,Poor,Low,Low,High
BAÑAGA,Month 9,CNN,0.28882647,0.5502573,0.25448033,0.42836934,0.0061024046,0.06493825,0.5227939,0.20835464,65.87180165275059,Poor,Low,Low,High
BAÑAGA,Month 9,LSTM,0.3636608,0.5680642,0.2407437,0.45189536,0.03682643,0.06938101,0.58138597,0.15190569,65.87186734261361,Poor,Low,Low,High
BAÑAGA,Month 9,CNN-LSTM,0.3786684,0.5660566,0.27201056,0.37526044,0.03433761,0.08764864,0.52027875,0.16775195,65.87213744455751,Poor,Low,Low,High
BAÑAGA,Month 10,CNN,0.28882647,0.5502573,0.25448033,0.42836934,0.0061024046,0.06493825,0.5227939,0.20835464,65.87180165275059,Poor,Low,Low,High
BAÑAGA,Month 10,LSTM,0.3636608,0.5680642,0.2407437,0.45189536,0.03682643,0.06938101,0.58138597,0.15190569,65.87186734261361,Poor,Low,Low,High
BAÑAGA,Month 10,CNN-LSTM,0.3786684,0.5660566,0.27201056,0.37526044,0.03433761,0.08764864,0.52027875,0.16775195,65.87213744455751,Poor,Low,Low,High
BAÑAGA,Month 11,CNN,0.28882647,0.5502573,0.25448033,0.42836934,0.0061024046,0.06493825,0.5227939,0.20835464,65.87180165275059,Poor,Low,Low,High
BAÑAGA,Month 11,LSTM,0.3636608,0.5680642,0.2407437,0.45189536,0.03682643,0.06938101,0.58138597,0.15190569,65.87186734261361,Poor,Low,Low,High
BAÑAGA,Month 11,CNN-LSTM,0.3786684,0.5660566,0.27201056,0.37526044,0.03433761,0.08764864,0.52027875,0.16775195,65.87213744455751,Poor,Low,Low,High
BAÑAGA,Month 12,CNN,0.28882647,0.5502573,0.25448033,0.42836934,0.0061024046,0.06493825,0.5227939,0.20835464,65.87180165275059,Poor,Low,Low,High
BAÑAGA,Month 12,LSTM,0.3636608,0.5680642,0.2407437,0.45189536,0.03682643,0.06938101,0.58138597,0.15190569,65.87186734261361,Poor,Low,Low,High
BAÑAGA,Month 12,CNN-LSTM,0.3786684,0.5660566,0.27201056,0.37526044,0.03433761,0.08764864,0.52027875,0.16775195,65.87213744455751,Poor,Low,Low,High
BILIBINWANG,Month 1,CNN,0.45421612,0.645541,0.43401042,0.8148265,-0.015954718,0.10557803,0.6290029,0.38639846,65.87240254534464,Poor,Low,Low,High
BILIBINWANG,Month 1,LSTM,0.4565433,0.6421542,0.38913307,0.7999471,0.028303424,0.07637803,0.6415146,0.33776584,65.87197079931289,Poor,Low,Low,High
BILIBINWANG,Month 1,CNN-LSTM,0.4641212,0.65153694,0.36313993,0.8286256,-0.001139611,0.09623319,0.6225798,0.3603459,65.87226437419439,Poor,Low,Low,High
BILIBINWANG,Month 2,CNN,0.45421612,0.645541,0.43401042,0.8148265,-0.015954718,0.10557803,0.6290029,0.38639846,65.87240254534464,Poor,Low,Low,High
BILIBINWANG,Month 2,LSTM,0.4565433,0.6421542,0.38913307,0.7999471,0.028303424,0.07637803,0.6415146,0.33776584,65.87197079931289,Poor,Low,Low,High
BILIBINWANG,Month 2,CNN-LSTM,0.4641212,0.65153694,0.36313993,0.8286256,-0.001139611,0.09623319,0.6225798,0.3603459,65.87226437419439,Poor,Low,Low,High
BILIBINWANG,Month 3,CNN,0.45421612,0.645541,0.43401042,0.8148265,-0.015954718,0.10557803,0.6290029,0.38639846,65.87240254534464,Poor,Low,Low,High
BILIBINWANG,Month 3,LSTM,0.4565433,0.6421542,0.38913307,0.7999471,0.028303424,0.07637803,0.6415146,0.33776584,65.87197079931289,Poor,Low,Low,High
BILIBINWANG,Month 3,CNN-LSTM,0.4641212,0.65153694,0.36313993,0.8286256,-0.001139611,0.09623319,0.6225798,0.3603459,65.87226437419439,Poor,Low,Low,High
BILIBINWANG,Month 4,CNN,0.45421612,0.645541,0.43401042,0.8148265,-0.015954718,0.10557803,0.6290029,0.38639846,65.87240254534464,Poor,Low,Low,High
BILIBINWANG,Month 4,LSTM,0.4565433,0.6421542,0.38913307,0.7999471,0.028303424,0.07637803,0.6415146,0.33776584,65.87197079931289,Poor,Low,Low,High
BILIBINWANG,Month 4,CNN-LSTM,0.4641212,0.65153694,0.36313993,0.8286256,-0.001139611,0.09623319,0.6225798,0.3603459,65.87226437419439,Poor,Low,Low,High
BILIBINWANG,Month 5,CNN,0.45421612,0.645541,0.43401042,0.8148265,-0.015954718,0.10557803,0.6290029,0.38639846,65.87240254534464,Poor,Low,Low,High
BILIBINWANG,Month 5,LSTM,0.4565433,0.6421542,0.38913307,0.7999471,0.028303424,0.07637803,0.6415146,0.33776584,65.87197079931289,Poor,Low,Low,High
BILIBINWANG,Month 5,CNN-LSTM,0.4641212,0.65153694,0.36313993,0.8286256,-0.001139611,0.09623319,0.6225798,0.3603459,65.87226437419439,Poor,Low,Low,High
BILIBINWANG,Month 6,CNN,0.45421612,0.645541,0.43401042,0.8148265,-0.015954718,0.10557803,0.6290029,0.38639846,65.87240254534464,Poor,Low,Low,High
BILIBINWANG,Month 6,LSTM,0.4565433,0.6421542,0.38913307,0.7999471,0.028303424,0.07637803,0.6415146,0.33776584,65.87197079931289,Poor,Low,Low,High
BILIBINWANG,Month 6,CNN-LSTM,0.4641212,0.65153694,0.36313993,0.8286256,-0.001139611,0.09623319,0.6225798,0.3603459,65.87226437419439,Poor,Low,Low,High
BILIBINWANG,Month 7,CNN,0.45421612,0.645541,0.43401042,0.8148265,-0.015954718,0.10557803,0.6290029,0.38639846,65.87240254534464,Poor,Low,Low,High
BILIBINWANG,Month 7,LSTM,0.4565433,0.6421542,0.38913307,0.7999471,0.028303424,0.07637803,0.6415146,0.33776584,65.87197079931289,Poor,Low,Low,High
BILIBINWANG,Month 7,CNN-LSTM,0.4641212,0.65153694,0.36313993,0.8286256,-0.001139611,0.09623319,0.6225798,0.3603459,65.87226437419439,Poor,Low,Low,High
BILIBINWANG,Month 8,CNN,0.45421612,0.645541,0.43401042,0.8148265,-0.015954718,0.10557803,0.6290029,0.38639846,65.87240254534464,Poor,Low,Low,High
BILIBINWANG,Month 8,LSTM,0.4565433,0.6421542,0.38913307,0.7999471,0.028303424,0.07637803,0.6415146,0.33776584,65.87197079931289,Poor,Low,Low,High
BILIBINWANG,Month 8,CNN-LSTM,0.4641212,0.65153694,0.36313993,0.8286256,-0.001139611,0.09623319,0.6225798,0.3603459,65.87226437419439,Poor,Low,Low,High
BILIBINWANG,Month 9,CNN,0.45421612,0.645541,0.43401042,0.8148265,-0.015954718,0.10557803,0.6290029,0.38639846,65.87240254534464,Poor,Low,Low,High
BILIBINWANG,Month 9,LSTM,0.4565433,0.6421542,0.38913307,0.7999471,0.028303424,0.07637803,0.6415146,0.33776584,65.87197079931289,Poor,Low,Low,High
BILIBINWANG,Month 9,CNN-LSTM,0.4641212,0.65153694,0.36313993,0.8286256,-0.001139611,0.09623319,0.6225798,0.3603459,65.87226437419439,Poor,Low,Low,High
BILIBINWANG,Month 10,CNN,0.45421612,0.645541,0.43401042,0.8148265,-0.015954718,0.10557803,0.6290029,0.38639846,65.87240254534464,Poor,Low,Low,High
BILIBINWANG,Month 10,LSTM,0.4565433,0.6421542,0.38913307,0.7999471,0.028303424,0.07637803,0.6415146,0.33776584,65.87197079931289,Poor,Low,Low,High
BILIBINWANG,Month 10,CNN-LSTM,0.4641212,0.65153694,0.36313993,0.8286256,-0.001139611,0.09623319,0.6225798,0.3603459,65.87226437419439,Poor,Low,Low,High
BILIBINWANG,Month 11,CNN,0.45421612,0.645541,0.43401042,0.8148265,-0.015954718,0.10557803,0.6290029,0.38639846,65.87240254534464,Poor,Low,Low,High
BILIBINWANG,Month 11,LSTM,0.4565433,0.6421542,0.38913307,0.7999471,0.028303424,0.07637803,0.6415146,0.33776584,65.87197079931289,Poor,Low,Low,High
BILIBINWANG,Month 11,CNN-LSTM,0.4641212,0.65153694,0.36313993,0.8286256,-0.001139611,0.09623319,0.6225798,0.3603459,65.87226437419439,Poor,Low,Low,High
BILIBINWANG,Month 12,CNN,0.45421612,0.645541,0.43401042,0.8148265,-0.015954718,0.10557803,0.6290029,0.38639846,65.87240254534464,Poor,Low,Low,High
BILIBINWANG,Month 12,LSTM,0.4565433,0.6421542,0.38913307,0.7999471,0.028303424,0.07637803,0.6415146,0.33776584,65.87197079931289,Poor,Low,Low,High
BILIBINWANG,Month 12,CNN-LSTM,0.4641212,0.65153694,0.36313993,0.8286256,-0.001139611,0.09623319,0.6225798,0.3603459,65.87226437419439,Poor,Low,Low,High
BALAKILONG,Month 1,CNN,0.4446699,0.679562,0.5468898,0.9006171,0.009542442,0.12834208,0.64070594,0.42106098,65.87273913055881,Poor,Low,Low,High
BALAKILONG,Month 1,LSTM,0.4502332,0.69795907,0.49334034,0.84580773,0.022319702,0.07334089,0.6506882,0.3922463,65.87192589269841,Poor,Low,Low,High
BALAKILONG,Month 1,CNN-LSTM,0.46450633,0.7086124,0.4922073,0.8601355,0.007438764,0.09939852,0.6338953,0.40801752,65.87231117620352,Poor,Low,Low,High
BALAKILONG,Month 2,CNN,0.4446699,0.679562,0.5468898,0.9006171,0.009542442,0.12834208,0.64070594,0.42106098,65.87273913055881,Poor,Low,Low,High
BALAKILONG,Month 2,LSTM,0.4502332,0.69795907,0.49334034,0.84580773,0.022319702,0.07334089,0.6506882,0.3922463,65.87192589269841,Poor,Low,Low,High
BALAKILONG,Month 2,CNN-LSTM,0.46450633,0.7086124,0.4922073,0.8601355,0.007438764,0.09939852,0.6338953,0.40801752,65.87231117620352,Poor,Low,Low,High
BALAKILONG,Month 3,CNN,0.4446699,0.679562,0.5468898,0.9006171,0.009542442,0.12834208,0.64070594,0.42106098,65.87273913055881,Poor,Low,Low,High
BALAKILONG,Month 3,LSTM,0.4502332,0.69795907,0.49334034,0.84580773,0.022319702,0.07334089,0.6506882,0.3922463,65.87192589269841,Poor,Low,Low,High
BALAKILONG,Month 3,CNN-LSTM,0.46450633,0.7086124,0.4922073,0.8601355,0.007438764,0.09939852,0.6338953,0.40801752,65.87231117620352,Poor,Low,Low,High
BALAKILONG,Month 4,CNN,0.4446699,0.679562,0.5468898,0.9006171,0.009542442,0.12834208,0.64070594,0.42106098,65.87273913055881,Poor,Low,Low,High
BALAKILONG,Month 4,LSTM,0.4502332,0.69795907,0.49334034,0.84580773,0.022319702,0.07334089,0.6506882,0.3922463,65.87192589269841,Poor,Low,Low,High
BALAKILONG,Month 4,CNN-LSTM,0.46450633,0.7086124,0.4922073,0.8601355,0.007438764,0.09939852,0.6338953,0.40801752,65.87231117620352,Poor,Low,Low,High
BALAKILONG,Month 5,CNN,0.4446699,0.679562,0.5468898,0.9006171,0.009542442,0.12834208,0.64070594,0.42106098,65.87273913055881,Poor,Low,Low,High
BALAKILONG,Month 5,LSTM,0.4502332,0.69795907,0.49334034,0.84580773,0.022319702,0.07334089,0.6506882,0.3922463,65.87192589269841,Poor,Low,Low,High
BALAKILONG,Month 5,CNN-LSTM,0.46450633,0.7086124,0.4922073,0.8601355,0.007438764,0.09939852,0.6338953,0.40801752,65.87231117620352,Poor,Low,Low,High
BALAKILONG,Month 6,CNN,0.4446699,0.679562,0.5468898,0.9006171,0.009542442,0.12834208,0.64070594,0.42106098,65.87273913055881,Poor,Low,Low,High
BALAKILONG,Month 6,LSTM,0.4502332,0.69795907,0.49334034,0.84580773,0.022319702,0.07334089,0.6506882,0.3922463,65.87192589269841,Poor,Low,Low,High
BALAKILONG,Month 6,CNN-LSTM,0.46450633,0.7086124,0.4922073,0.8601355,0.007438764,0.09939852,0.6338953,0.40801752,65.87231117620352,Poor,Low,Low,High
BALAKILONG,Month 7,CNN,0.4446699,0.679562,0.5468898,0.9006171,0.009542442,0.12834208,0.64070594,0.42106098,65.87273913055881,Poor,Low,Low,High
BALAKILONG,Month 7,LSTM,0.4502332,0.69795907,0.49334034,0.84580773,0.022319702,0.07334089,0.6506882,0.3922463,65.87192589269841,Poor,Low,Low,High
BALAKILONG,Month 7,CNN-LSTM,0.46450633,0.7086124,0.4922073,0.8601355,0.007438764,0.09939852,0.6338953,0.40801752,65.87231117620352,Poor,Low,Low,High
BALAKILONG,Month 8,CNN,0.4446699,0.679562,0.5468898,0.9006171,0.009542442,0.12834208,0.64070594,0.42106098,65.87273913055881,Poor,Low,Low,High
BALAKILONG,Month 8,LSTM,0.4502332,0.69795907,0.49334034,0.84580773,0.022319702,0.07334089,0.6506882,0.3922463,65.87192589269841,Poor,Low,Low,High
BALAKILONG,Month 8,CNN-LSTM,0.46450633,0.7086124,0.4922073,0.8601355,0.007438764,0.09939852,0.6338953,0.40801752,65.87231117620352,Poor,Low,Low,High
BALAKILONG,Month 9,CNN,0.4446699,0.679562,0.5468898,0.9006171,0.009542442,0.12834208,0.64070594,0.42106098,65.87273913055881,Poor,Low,Low,High
BALAKILONG,Month 9,LSTM,0.4502332,0.69795907,0.49334034,0.84580773,0.022319702,0.07334089,0.6506882,0.3922463,65.87192589269841,Poor,Low,Low,High
BALAKILONG,Month 9,CNN-LSTM,0.46450633,0.7086124,0.4922073,0.8601355,0.007438764,0.09939852,0.6338953,0.40801752,65.87231117620352,Poor,Low,Low,High
BALAKILONG,Month 10,CNN,0.4446699,0.679562,0.5468898,0.9006171,0.009542442,0.12834208,0.64070594,0.42106098,65.87273913055881,Poor,Low,Low,High
BALAKILONG,Month 10,LSTM,0.4502332,0.69795907,0.49334034,0.84580773,0.022319702,0.07334089,0.6506882,0.3922463,65.87192589269841,Poor,Low,Low,High
BALAKILONG,Month 10,CNN-LSTM,0.46450633,0.7086124,0.4922073,0.8601355,0.007438764,0.09939852,0.6338953,0.40801752,65.87231117620352,Poor,Low,Low,High
BALAKILONG,Month 11,CNN,0.4446699,0.679562,0.5468898,0.9006171,0.009542442,0.12834208,0.64070594,0.42106098,65.87273913055881,Poor,Low,Low,High
BALAKILONG,Month 11,LSTM,0.4502332,0.69795907,0.49334034,0.84580773,0.022319702,0.07334089,0.6506882,0.3922463,65.87192589269841,Poor,Low,Low,High
BALAKILONG,Month 11,CNN-LSTM,0.46450633,0.7086124,0.4922073,0.8601355,0.007438764,0.09939852,0.6338953,0.40801752,65.87231117620352,Poor,Low,Low,High
BALAKILONG,Month 12,CNN,0.4446699,0.679562,0.5468898,0.9006171,0.009542442,0.12834208,0.64070594,0.42106098,65.87273913055881,Poor,Low,Low,High
BALAKILONG,Month 12,LSTM,0.4502332,0.69795907,0.49334034,0.84580773,0.022319702,0.07334089,0.6506882,0.3922463,65.87192589269841,Poor,Low,Low,High
BALAKILONG,Month 12,CNN-LSTM,0.46450633,0.7086124,0.4922073,0.8601355,0.007438764,0.09939852,0.6338953,0.40801752,65.87231117620352,Poor,Low,Low,High
BERINAYAN,Month 1,CNN,0.37836456,0.6066429,0.35121813,0.74853307,0.0050031757,0.0982702,0.6235494,0.30498976,65.8722944930637,Poor,Low,Low,High
BERINAYAN,Month 1,LSTM,0.41444796,0.608286,0.30803332,0.7280123,0.020932348,0.08486569,0.6513018,0.28273347,65.87209629635137,Poor,Low,Low,High
BERINAYAN,Month 1,CNN-LSTM,0.43147558,0.6193012,0.32627505,0.7567982,0.010381803,0.09888873,0.6300268,0.3151918,65.87230363853881,Poor,Low,Low,High
BERINAYAN,Month 2,CNN,0.37836456,0.6066429,0.35121813,0.74853307,0.0050031757,0.0982702,0.6235494,0.30498976,65.8722944930637,Poor,Low,Low,High
BERINAYAN,Month 2,LSTM,0.41444796,0.608286,0.30803332,0.7280123,0.020932348,0.08486569,0.6513018,0.28273347,65.87209629635137,Poor,Low,Low,High
BERINAYAN,Month 2,CNN-LSTM,0.43147558,0.6193012,0.32627505,0.7567982,0.010381803,0.09888873,0.6300268,0.3151918,65.87230363853881,Poor,Low,Low,High
BERINAYAN,Month 3,CNN,0.37836456,0.6066429,0.35121813,0.74853307,0.0050031757,0.0982702,0.6235494,0.30498976,65.8722944930637,Poor,Low,Low,High
BERINAYAN,Month 3,LSTM,0.41444796,0.608286,0.30803332,0.7280123,0.020932348,0.08486569,0.6513018,0.28273347,65.87209629635137,Poor,Low,Low,High
BERINAYAN,Month 3,CNN-LSTM,0.43147558,0.6193012,0.32627505,0.7567982,0.010381803,0.09888873,0.6300268,0.3151918,65.87230363853881,Poor,Low,Low,High
BERINAYAN,Month 4,CNN,0.37836456,0.6066429,0.35121813,0.74853307,0.0050031757,0.0982702,0.6235494,0.30498976,65.8722944930637,Poor,Low,Low,High
BERINAYAN,Month 4,LSTM,0.41444796,0.608286,0.30803332,0.7280123,0.020932348,0.08486569,0.6513018,0.28273347,65.87209629635137,Poor,Low,Low,High
BERINAYAN,Month 4,CNN-LSTM,0.43147558,0.6193012,0.32627505,0.7567982,0.010381803,0.09888873,0.6300268,0.3151918,65.87230363853881,Poor,Low,Low,High
BERINAYAN,Month 5,CNN,0.37836456,0.6066429,0.35121813,0.74853307,0.0050031757,0.0982702,0.6235494,0.30498976,65.8722944930637,Poor,Low,Low,High
BERINAYAN,Month 5,LSTM,0.41444796,0.608286,0.30803332,0.7280123,0.020932348,0.08486569,0.6513018,0.28273347,65.87209629635137,Poor,Low,Low,High
BERINAYAN,Month 5,CNN-LSTM,0.43147558,0.6193012,0.32627505,0.7567982,0.010381803,0.09888873,0.6300268,0.3151918,65.87230363853881,Poor,Low,Low,High
BERINAYAN,Month 6,CNN,0.37836456,0.6066429,0.35121813,0.74853307,0.0050031757,0.0982702,0.6235494,0.30498976,65.8722944930637,Poor,Low,Low,High
BERINAYAN,Month 6,LSTM,0.41444796,0.608286,0.30803332,0.7280123,0.020932348,0.08486569,0.6513018,0.28273347,65.87209629635137,Poor,Low,Low,High
BERINAYAN,Month 6,CNN-LSTM,0.43147558,0.6193012,0.32627505,0.7567982,0.010381803,0.09888873,0.6300268,0.3151918,65.87230363853881,Poor,Low,Low,High
BERINAYAN,Month 7,CNN,0.37836456,0.6066429,0.35121813,0.74853307,0.0050031757,0.0982702,0.6235494,0.30498976,65.8722944930637,Poor,Low,Low,High
BERINAYAN,Month 7,LSTM,0.41444796,0.608286,0.30803332,0.7280123,0.020932348,0.08486569,0.6513018,0.28273347,65.87209629635137,Poor,Low,Low,High
BERINAYAN,Month 7,CNN-LSTM,0.43147558,0.6193012,0.32627505,0.7567982,0.010381803,0.09888873,0.6300268,0.3151918,65.87230363853881,Poor,Low,Low,High
BERINAYAN,Month 8,CNN,0.37836456,0.6066429,0.35121813,0.74853307,0.0050031757,0.0982702,0.6235494,0.30498976,65.8722944930637,Poor,Low,Low,High
BERINAYAN,Month 8,LSTM,0.41444796,0.608286,0.30803332,0.7280123,0.020932348,0.08486569,0.6513018,0.28273347,65.87209629635137,Poor,Low,Low,High
BERINAYAN,Month 8,CNN-LSTM,0.43147558,0.6193012,0.32627505,0.7567982,0.010381803,0.09888873,0.6300268,0.3151918,65.87230363853881,Poor,Low,Low,High
BERINAYAN,Month 9,CNN,0.37836456,0.6066429,0.35121813,0.74853307,0.0050031757,0.0982702,0.6235494,0.30498976,65.8722944930637,Poor,Low,Low,High
BERINAYAN,Month 9,LSTM,0.41444796,0.608286,0.30803332,0.7280123,0.020932348,0.08486569,0.6513018,0.28273347,65.87209629635137,Poor,Low,Low,High
BERINAYAN,Month 9,CNN-LSTM,0.43147558,0.6193012,0.32627505,0.7567982,0.010381803,0.09888873,0.6300268,0.3151918,65.87230363853881,Poor,Low,Low,High
BERINAYAN,Month 10,CNN,0.37836456,0.6066429,0.35121813,0.74853307,0.0050031757,0.0982702,0.6235494,0.30498976,65.8722944930637,Poor,Low,Low,High
BERINAYAN,Month 10,LSTM,0.41444796,0.608286,0.30803332,0.7280123,0.020932348,0.08486569,0.6513018,0.28273347,65.87209629635137,Poor,Low,Low,High
BERINAYAN,Month 10,CNN-LSTM,0.43147558,0.6193012,0.32627505,0.7567982,0.010381803,0.09888873,0.6300268,0.3151918,65.87230363853881,Poor,Low,Low,High
BERINAYAN,Month 11,CNN,0.37836456,0.6066429,0.35121813,0.74853307,0.0050031757,0.0982702,0.6235494,0.30498976,65.8722944930637,Poor,Low,Low,High
BERINAYAN,Month 11,LSTM,0.41444796,0.608286,0.30803332,0.7280123,0.020932348,0.08486569,0.6513018,0.28273347,65.87209629635137,Poor,Low,Low,High
BERINAYAN,Month 11,CNN-LSTM,0.43147558,0.6193012,0.32627505,0.7567982,0.010381803,0.09888873,0.6300268,0.3151918,65.87230363853881,Poor,Low,Low,High
BERINAYAN,Month 12,CNN,0.37836456,0.6066429,0.35121813,0.74853307,0.0050031757,0.0982702,0.6235494,0.30498976,65.8722944930637,Poor,Low,Low,High
BERINAYAN,Month 12,LSTM,0.41444796,0.608286,0.30803332,0.7280123,0.020932348,0.08486569,0.6513018,0.28273347,65.87209629635137,Poor,Low,Low,High
BERINAYAN,Month 12,CNN-LSTM,0.43147558,0.6193012,0.32627505,0.7567982,0.010381803,0.09888873,0.6300268,0.3151918,65.87230363853881,Poor,Low,Low,High
SAMPALOC,Month 1,CNN,0.2873996,0.4927132,0.25257322,0.42270702,0.054916326,0.015558765,0.4401493,0.19729933,56.911035235055444,Poor,Low,Low,Moderate
SAMPALOC,Month 1,LSTM,0.366487,0.5426276,0.24673375,0.4196895,0.026290806,0.077770814,0.54514986,0.17307022,65.8719913927706,Poor,Low,Low,High
SAMPALOC,Month 1,CNN-LSTM,0.37416074,0.53312135,0.24904284,0.36494896,0.03596521,0.10532429,0.49713513,0.19622707,65.44350925347248,Poor,Low,Low,Moderate
SAMPALOC,Month 2,CNN,0.2873996,0.4927132,0.25257322,0.42270702,0.054916326,0.015558765,0.4401493,0.19729933,56.911035235055444,Poor,Low,Low,Moderate
SAMPALOC,Month 2,LSTM,0.366487,0.5426276,0.24673375,0.4196895,0.026290806,0.077770814,0.54514986,0.17307022,65.8719913927706,Poor,Low,Low,High
SAMPALOC,Month 2,CNN-LSTM,0.37416074,0.53312135,0.24904284,0.36494896,0.03596521,0.10532429,0.49713513,0.19622707,65.44350925347248,Poor,Low,Low,Moderate
SAMPALOC,Month 3,CNN,0.2873996,0.4927132,0.25257322,0.42270702,0.054916326,0.015558765,0.4401493,0.19729933,56.911035235055444,Poor,Low,Low,Moderate
SAMPALOC,Month 3,LSTM,0.366487,0.5426276,0.24673375,0.4196895,0.026290806,0.077770814,0.54514986,0.17307022,65.8719913927706,Poor,Low,Low,High
SAMPALOC,Month 3,CNN-LSTM,0.37416074,0.53312135,0.24904284,0.36494896,0.03596521,0.10532429,0.49713513,0.19622707,65.44350925347248,Poor,Low,Low,Moderate
SAMPALOC,Month 4,CNN,0.2873996,0.4927132,0.25257322,0.42270702,0.054916326,0.015558765,0.4401493,0.19729933,56.911035235055444,Poor,Low,Low,Moderate
SAMPALOC,Month 4,LSTM,0.366487,0.5426276,0.24673375,0.4196895,0.026290806,0.077770814,0.54514986,0.17307022,65.8719913927706,Poor,Low,Low,High
SAMPALOC,Month 4,CNN-LSTM,0.37416074,0.53312135,0.24904284,0.36494896,0.03596521,0.10532429,0.49713513,0.19622707,65.44350925347248,Poor,Low,Low,Moderate
SAMPALOC,Month 5,CNN,0.2873996,0.4927132,0.25257322,0.42270702,0.054916326,0.015558765,0.4401493,0.19729933,56.911035235055444,Poor,Low,Low,Moderate
SAMPALOC,Month 5,LSTM,0.366487,0.5426276,0.24673375,0.4196895,0.026290806,0.077770814,0.54514986,0.17307022,65.8719913927706,Poor,Low,Low,High
SAMPALOC,Month 5,CNN-LSTM,0.37416074,0.53312135,0.24904284,0.36494896,0.03596521,0.10532429,0.49713513,0.19622707,65.44350925347248,Poor,Low,Low,Moderate
SAMPALOC,Month 6,CNN,0.2873996,0.4927132,0.25257322,0.42270702,0.054916326,0.015558765,0.4401493,0.19729933,56.911035235055444,Poor,Low,Low,Moderate
SAMPALOC,Month 6,LSTM,0.366487,0.5426276,0.24673375,0.4196895,0.026290806,0.077770814,0.54514986,0.17307022,65.8719913927706,Poor,Low,Low,High
SAMPALOC,Month 6,CNN-LSTM,0.37416074,0.53312135,0.24904284,0.36494896,0.03596521,0.10532429,0.49713513,0.19622707,65.44350925347248,Poor,Low,Low,Moderate
SAMPALOC,Month 7,CNN,0.2873996,0.4927132,0.25257322,0.42270702,0.054916326,0.015558765,0.4401493,0.19729933,56.911035235055444,Poor,Low,Low,Moderate
SAMPALOC,Month 7,LSTM,0.366487,0.5426276,0.24673375,0.4196895,0.026290806,0.077770814,0.54514986,0.17307022,65.8719913927706,Poor,Low,Low,High
SAMPALOC,Month 7,CNN-LSTM,0.37416074,0.53312135,0.24904284,0.36494896,0.03596521,0.10532429,0.49713513,0.19622707,65.44350925347248,Poor,Low,Low,Moderate
SAMPALOC,Month 8,CNN,0.2873996,0.4927132,0.25257322,0.42270702,0.054916326,0.015558765,0.4401493,0.19729933,56.911035235055444,Poor,Low,Low,Moderate
SAMPALOC,Month 8,LSTM,0.366487,0.5426276,0.24673375,0.4196895,0.026290806,0.077770814,0.54514986,0.17307022,65.8719913927706,Poor,Low,Low,High
SAMPALOC,Month 8,CNN-LSTM,0.37416074,0.53312135,0.24904284,0.36494896,0.03596521,0.10532429,0.49713513,0.19622707,65.44350925347248,Poor,Low,Low,Moderate
SAMPALOC,Month 9,CNN,0.2873996,0.4927132,0.25257322,0.42270702,0.054916326,0.015558765,0.4401493,0.19729933,56.911035235055444,Poor,Low,Low,Moderate
SAMPALOC,Month 9,LSTM,0.366487,0.5426276,0.24673375,0.4196895,0.026290806,0.077770814,0.54514986,0.17307022,65.8719913927706,Poor,Low,Low,High
SAMPALOC,Month 9,CNN-LSTM,0.37416074,0.53312135,0.24904284,0.36494896,0.03596521,0.10532429,0.49713513,0.19622707,65.44350925347248,Poor,Low,Low,Moderate
SAMPALOC,Month 10,CNN,0.2873996,0.4927132,0.25257322,0.42270702,0.054916326,0.015558765,0.4401493,0.19729933,56.911035235055444,Poor,Low,Low,Moderate
SAMPALOC,Month 10,LSTM,0.366487,0.5426276,0.24673375,0.4196895,0.026290806,0.077770814,0.54514986,0.17307022,65.8719913927706,Poor,Low,Low,High
SAMPALOC,Month 10,CNN-LSTM,0.37416074,0.53312135,0.24904284,0.36494896,0.03596521,0.10532429,0.49713513,0.19622707,65.44350925347248,Poor,Low,Low,Moderate
SAMPALOC,Month 11,CNN,0.2873996,0.4927132,0.25257322,0.42270702,0.054916326,0.015558765,0.4401493,0.19729933,56.911035235055444,Poor,Low,Low,Moderate
SAMPALOC,Month 11,LSTM,0.366487,0.5426276,0.24673375,0.4196895,0.026290806,0.077770814,0.54514986,0.17307022,65.8719913927706,Poor,Low,Low,High
SAMPALOC,Month 11,CNN-LSTM,0.37416074,0.53312135,0.24904284,0.36494896,0.03596521,0.10532429,0.49713513,0.19622707,65.44350925347248,Poor,Low,Low,Moderate
SAMPALOC,Month 12,CNN,0.2873996,0.4927132,0.25257322,0.42270702,0.054916326,0.015558765,0.4401493,0.19729933,56.911035235055444,Poor,Low,Low,Moderate
SAMPALOC,Month 12,LSTM,0.366487,0.5426276,0.24673375,0.4196895,0.026290806,0.077770814,0.54514986,0.17307022,65.8719913927706,Poor,Low,Low,High
SAMPALOC,Month 12,CNN-LSTM,0.37416074,0.53312135,0.24904284,0.36494896,0.03596521,0.10532429,0.49713513,0.19622707,65.44350925347248,Poor,Low,Low,Moderate
TUMAWAY,Month 1,CNN,0.4528362,0.6366387,0.34977344,0.82088584,0.0042992374,0.13109712,0.62959003,0.3993358,65.87277986609263,Poor,Low,Low,High
TUMAWAY,Month 1,LSTM,0.4828931,0.63873106,0.35858053,0.79641366,0.021819914,0.07432528,0.649751,0.3715511,65.87194044771472,Poor,Low,Low,High
TUMAWAY,Month 1,CNN-LSTM,0.4592279,0.6289588,0.3527238,0.80241305,0.0058831275,0.10848074,0.62199336,0.38020778,65.87244546430094,Poor,Low,Low,High
TUMAWAY,Month 2,CNN,0.4528362,0.6366387,0.34977344,0.82088584,0.0042992374,0.13109712,0.62959003,0.3993358,65.87277986609263,Poor,Low,Low,High
TUMAWAY,Month 2,LSTM,0.4828931,0.63873106,0.35858053,0.79641366,0.021819914,0.07432528,0.649751,0.3715511,65.87194044771472,Poor,Low,Low,High
TUMAWAY,Month 2,CNN-LSTM,0.4592279,0.6289588,0.3527238,0.80241305,0.0058831275,0.10848074,0.62199336,0.38020778,65.87244546430094,Poor,Low,Low,High
TUMAWAY,Month 3,CNN,0.4528362,0.6366387,0.34977344,0.82088584,0.0042992374,0.13109712,0.62959003,0.3993358,65.87277986609263,Poor,Low,Low,High
TUMAWAY,Month 3,LSTM,0.4828931,0.63873106,0.35858053,0.79641366,0.021819914,0.07432528,0.649751,0.3715511,65.87194044771472,Poor,Low,Low,High
TUMAWAY,Month 3,CNN-LSTM,0.4592279,0.6289588,0.3527238,0.80241305,0.0058831275,0.10848074,0.62199336,0.38020778,65.87244546430094,Poor,Low,Low,High
TUMAWAY,Month 4,CNN,0.4528362,0.6366387,0.34977344,0.82088584,0.0042992374,0.13109712,0.62959003,0.3993358,65.87277986609263,Poor,Low,Low,High
TUMAWAY,Month 4,LSTM,0.4828931,0.63873106,0.35858053,0.79641366,0.021819914,0.07432528,0.649751,0.3715511,65.87194044771472,Poor,Low,Low,High
TUMAWAY,Month 4,CNN-LSTM,0.4592279,0.6289588,0.3527238,0.80241305,0.0058831275,0.10848074,0.62199336,0.38020778,65.87244546430094,Poor,Low,Low,High
TUMAWAY,Month 5,CNN,0.4528362,0.6366387,0.34977344,0.82088584,0.0042992374,0.13109712,0.62959003,0.3993358,65.87277986609263,Poor,Low,Low,High
TUMAWAY,Month 5,LSTM,0.4828931,0.63873106,0.35858053,0.79641366,0.021819914,0.07432528,0.649751,0.3715511,65.87194044771472,Poor,Low,Low,High
TUMAWAY,Month 5,CNN-LSTM,0.4592279,0.6289588,0.3527238,0.80241305,0.0058831275,0.10848074,0.62199336,0.38020778,65.87244546430094,Poor,Low,Low,High
TUMAWAY,Month 6,CNN,0.4528362,0.6366387,0.34977344,0.82088584,0.0042992374,0.13109712,0.62959003,0.3993358,65.87277986609263,Poor,Low,Low,High
TUMAWAY,Month 6,LSTM,0.4828931,0.63873106,0.35858053,0.79641366,0.021819914,0.07432528,0.649751,0.3715511,65.87194044771472,Poor,Low,Low,High
TUMAWAY,Month 6,CNN-LSTM,0.4592279,0.6289588,0.3527238,0.80241305,0.0058831275,0.10848074,0.62199336,0.38020778,65.87244546430094,Poor,Low,Low,High
TUMAWAY,Month 7,CNN,0.4528362,0.6366387,0.34977344,0.82088584,0.0042992374,0.13109712,0.62959003,0.3993358,65.87277986609263,Poor,Low,Low,High
TUMAWAY,Month 7,LSTM,0.4828931,0.63873106,0.35858053,0.79641366,0.021819914,0.07432528,0.649751,0.3715511,65.87194044771472,Poor,Low,Low,High
TUMAWAY,Month 7,CNN-LSTM,0.4592279,0.6289588,0.3527238,0.80241305,0.0058831275,0.10848074,0.62199336,0.38020778,65.87244546430094,Poor,Low,Low,High
TUMAWAY,Month 8,CNN,0.4528362,0.6366387,0.34977344,0.82088584,0.0042992374,0.13109712,0.62959003,0.3993358,65.87277986609263,Poor,Low,Low,High
TUMAWAY,Month 8,LSTM,0.4828931,0.63873106,0.35858053,0.79641366,0.021819914,0.07432528,0.649751,0.3715511,65.87194044771472,Poor,Low,Low,High
TUMAWAY,Month 8,CNN-LSTM,0.4592279,0.6289588,0.3527238,0.80241305,0.0058831275,0.10848074,0.62199336,0.38020778,65.87244546430094,Poor,Low,Low,High
TUMAWAY,Month 9,CNN,0.4528362,0.6366387,0.34977344,0.82088584,0.0042992374,0.13109712,0.62959003,0.3993358,65.87277986609263,Poor,Low,Low,High
TUMAWAY,Month 9,LSTM,0.4828931,0.63873106,0.35858053,0.79641366,0.021819914,0.07432528,0.649751,0.3715511,65.87194044771472,Poor,Low,Low,High
TUMAWAY,Month 9,CNN-LSTM,0.4592279,0.6289588,0.3527238,0.80241305,0.0058831275,0.10848074,0.62199336,0.38020778,65.87244546430094,Poor,Low,Low,High
TUMAWAY,Month 10,CNN,0.4528362,0.6366387,0.34977344,0.82088584,0.0042992374,0.13109712,0.62959003,0.3993358,65.87277986609263,Poor,Low,Low,High
TUMAWAY,Month 10,LSTM,0.4828931,0.63873106,0.35858053,0.79641366,0.021819914,0.07432528,0.649751,0.3715511,65.87194044771472,Poor,Low,Low,High
TUMAWAY,Month 10,CNN-LSTM,0.4592279,0.6289588,0.3527238,0.80241305,0.0058831275,0.10848074,0.62199336,0.38020778,65.87244546430094,Poor,Low,Low,High
TUMAWAY,Month 11,CNN,0.4528362,0.6366387,0.34977344,0.82088584,0.0042992374,0.13109712,0.62959003,0.3993358,65.87277986609263,Poor,Low,Low,High
TUMAWAY,Month 11,LSTM,0.4828931,0.63873106,0.35858053,0.79641366,0.021819914,0.07432528,0.649751,0.3715511,65.87194044771472,Poor,Low,Low,High
TUMAWAY,Month 11,CNN-LSTM,0.4592279,0.6289588,0.3527238,0.80241305,0.0058831275,0.10848074,0.62199336,0.38020778,65.87244546430094,Poor,Low,Low,High
TUMAWAY,Month 12,CNN,0.4528362,0.6366387,0.34977344,0.82088584,0.0042992374,0.13109712,0.62959003,0.3993358,65.87277986609263,Poor,Low,Low,High
TUMAWAY,Month 12,LSTM,0.4828931,0.63873106,0.35858053,0.79641366,0.021819914,0.07432528,0.649751,0.3715511,65.87194044771472,Poor,Low,Low,High
TUMAWAY,Month 12,CNN-LSTM,0.4592279,0.6289588,0.3527238,0.80241305,0.0058831275,0.10848074,0.62199336,0.38020778,65.87244546430094,Poor,Low,Low,High
AYA,Month 1,CNN,0.32167202,0.56455773,0.30199477,0.72352284,0.02848719,0.08412432,0.5921006,0.28954852,65.87208533458578,Poor,Low,Low,High
AYA,Month 1,LSTM,0.36675736,0.57703227,0.2514562,0.64650536,0.007363463,0.081919745,0.6191217,0.2870265,65.87205273813002,Poor,Low,Low,High
AYA,Month 1,CNN-LSTM,0.396321,0.57663685,0.28588748,0.72783893,0.01054661,0.11637257,0.6380233,0.33521643,65.87256215150249,Poor,Low,Low,High
AYA,Month 2,CNN,0.32167202,0.56455773,0.30199477,0.72352284,0.02848719,0.08412432,0.5921006,0.28954852,65.87208533458578,Poor,Low,Low,High
AYA,Month 2,LSTM,0.36675736,0.57703227,0.2514562,0.64650536,0.007363463,0.081919745,0.6191217,0.2870265,65.87205273813002,Poor,Low,Low,High
AYA,Month 2,CNN-LSTM,0.396321,0.57663685,0.28588748,0.72783893,0.01054661,0.11637257,0.6380233,0.33521643,65.87256215150249,Poor,Low,Low,High
AYA,Month 3,CNN,0.32167202,0.56455773,0.30199477,0.72352284,0.02848719,0.08412432,0.5921006,0.28954852,65.87208533458578,Poor,Low,Low,High
AYA,Month 3,LSTM,0.36675736,0.57703227,0.2514562,0.64650536,0.007363463,0.081919745,0.6191217,0.2870265,65.87205273813002,Poor,Low,Low,High
AYA,Month 3,CNN-LSTM,0.396321,0.57663685,0.28588748,0.72783893,0.01054661,0.11637257,0.6380233,0.33521643,65.87256215150249,Poor,Low,Low,High
AYA,Month 4,CNN,0.32167202,0.56455773,0.30199477,0.72352284,0.02848719,0.08412432,0.5921006,0.28954852,65.87208533458578,Poor,Low,Low,High
AYA,Month 4,LSTM,0.36675736,0.57703227,0.2514562,0.64650536,0.007363463,0.081919745,0.6191217,0.2870265,65.87205273813002,Poor,Low,Low,High
AYA,Month 4,CNN-LSTM,0.396321,0.57663685,0.28588748,0.72783893,0.01054661,0.11637257,0.6380233,0.33521643,65.87256215150249,Poor,Low,Low,High
AYA,Month 5,CNN,0.32167202,0.56455773,0.30199477,0.72352284,0.02848719,0.08412432,0.5921006,0.28954852,65.87208533458578,Poor,Low,Low,High
AYA,Month 5,LSTM,0.36675736,0.57703227,0.2514562,0.64650536,0.007363463,0.081919745,0.6191217,0.2870265,65.87205273813002,Poor,Low,Low,High
AYA,Month 5,CNN-LSTM,0.396321,0.57663685,0.28588748,0.72783893,0.01054661,0.11637257,0.6380233,0.33521643,65.87256215150249,Poor,Low,Low,High
AYA,Month 6,CNN,0.32167202,0.56455773,0.30199477,0.72352284,0.02848719,0.08412432,0.5921006,0.28954852,65.87208533458578,Poor,Low,Low,High
AYA,Month 6,LSTM,0.36675736,0.57703227,0.2514562,0.64650536,0.007363463,0.081919745,0.6191217,0.2870265,65.87205273813002,Poor,Low,Low,High
AYA,Month 6,CNN-LSTM,0.396321,0.57663685,0.28588748,0.72783893,0.01054661,0.11637257,0.6380233,0.33521643,65.87256215150249,Poor,Low,Low,High
AYA,Month 7,CNN,0.32167202,0.56455773,0.30199477,0.72352284,0.02848719,0.08412432,0.5921006,0.28954852,65.87208533458578,Poor,Low,Low,High
AYA,Month 7,LSTM,0.36675736,0.57703227,0.2514562,0.64650536,0.007363463,0.081919745,0.6191217,0.2870265,65.87205273813002,Poor,Low,Low,High
AYA,Month 7,CNN-LSTM,0.396321,0.57663685,0.28588748,0.72783893,0.01054661,0.11637257,0.6380233,0.33521643,65.87256215150249,Poor,Low,Low,High
AYA,Month 8,CNN,0.32167202,0.56455773,0.30199477,0.72352284,0.02848719,0.08412432,0.5921006,0.28954852,65.87208533458578,Poor,Low,Low,High
AYA,Month 8,LSTM,0.36675736,0.57703227,0.2514562,0.64650536,0.007363463,0.081919745,0.6191217,0.2870265,65.87205273813002,Poor,Low,Low,High
AYA,Month 8,CNN-LSTM,0.396321,0.57663685,0.28588748,0.72783893,0.01054661,0.11637257,0.6380233,0.33521643,65.87256215150249,Poor,Low,Low,High
AYA,Month 9,CNN,0.32167202,0.56455773,0.30199477,0.72352284,0.02848719,0.08412432,0.5921006,0.28954852,65.87208533458578,Poor,Low,Low,High
AYA,Month 9,LSTM,0.36675736,0.57703227,0.2514562,0.64650536,0.007363463,0.081919745,0.6191217,0.2870265,65.87205273813002,Poor,Low,Low,High
AYA,Month 9,CNN-LSTM,0.396321,0.57663685,0.28588748,0.72783893,0.01054661,0.11637257,0.6380233,0.33521643,65.87256215150249,Poor,Low,Low,High
AYA,Month 10,CNN,0.32167202,0.56455773,0.30199477,0.72352284,0.02848719,0.08412432,0.5921006,0.28954852,65.87208533458578,Poor,Low,Low,High
AYA,Month 10,LSTM,0.36675736,0.57703227,0.2514562,0.64650536,0.007363463,0.081919745,0.6191217,0.2870265,65.87205273813002,Poor,Low,Low,High
AYA,Month 10,CNN-LSTM,0.396321,0.57663685,0.28588748,0.72783893,0.01054661,0.11637257,0.6380233,0.33521643,65.87256215150249,Poor,Low,Low,High
AYA,Month 11,CNN,0.32167202,0.56455773,0.30199477,0.72352284,0.02848719,0.08412432,0.5921006,0.28954852,65.87208533458578,Poor,Low,Low,High
AYA,Month 11,LSTM,0.36675736,0.57703227,0.2514562,0.64650536,0.007363463,0.081919745,0.6191217,0.2870265,65.87205273813002,Poor,Low,Low,High
AYA,Month 11,CNN-LSTM,0.396321,0.57663685,0.28588748,0.72783893,0.01054661,0.11637257,0.6380233,0.33521643,65.87256215150249,Poor,Low,Low,High
AYA,Month 12,CNN,0.32167202,0.56455773,0.30199477,0.72352284,0.02848719,0.08412432,0.5921006,0.28954852,65.87208533458578,Poor,Low,Low,High
AYA,Month 12,LSTM,0.36675736,0.57703227,0.2514562,0.64650536,0.007363463,0.081919745,0.6191217,0.2870265,65.87205273813002,Poor,Low,Low,High
AYA,Month 12,CNN-LSTM,0.396321,0.57663685,0.28588748,0.72783893,0.01054661,0.11637257,0.6380233,0.33521643,65.87256215150249,Poor,Low,Low,High
BUSO-BUSO,Month 1,CNN,0.26003787,0.52920204,0.24106443,0.38475305,0.015516392,-0.0001224922,0.38094944,0.3886306,48.048203835616434,Good,Low,Low,Moderate
BUSO-BUSO,Month 1,LSTM,0.3198185,0.5225813,0.23482864,0.43193227,0.027687656,0.1012739,0.5729796,0.16929382,65.87233890524027,Poor,Low,Low,High
BUSO-BUSO,Month 1,CNN-LSTM,0.31716117,0.494775,0.20939991,0.33308136,-0.0071829855,0.11189442,0.4831989,0.17753914,63.3572627681148,Poor,Low,Low,Moderate
BUSO-BUSO,Month 2,CNN,0.26003787,0.52920204,0.24106443,0.38475305,0.015516392,-0.0001224922,0.38094944,0.3886306,48.048203835616434,Good,Low,Low,Moderate
BUSO-BUSO,Month 2,LSTM,0.3198185,0.5225813,0.23482864,0.43193227,0.027687656,0.1012739,0.5729796,0.16929382,65.87233890524027,Poor,Low,Low,High
BUSO-BUSO,Month 2,CNN-LSTM,0.31716117,0.494775,0.20939991,0.33308136,-0.0071829855,0.11189442,0.4831989,0.17753914,63.3572627681148,Poor,Low,Low,Moderate
BUSO-BUSO,Month 3,CNN,0.26003787,0.52920204,0.24106443,0.38475305,0.015516392,-0.0001224922,0.38094944,0.3886306,48.048203835616434,Good,Low,Low,Moderate
BUSO-BUSO,Month 3,LSTM,0.3198185,0.5225813,0.23482864,0.43193227,0.027687656,0.1012739,0.5729796,0.16929382,65.87233890524027,Poor,Low,Low,High
BUSO-BUSO,Month 3,CNN-LSTM,0.31716117,0.494775,0.20939991,0.33308136,-0.0071829855,0.11189442,0.4831989,0.17753914,63.3572627681148,Poor,Low,Low,Moderate
BUSO-BUSO,Month 4,CNN,0.26003787,0.52920204,0.24106443,0.38475305,0.015516392,-0.0001224922,0.38094944,0.3886306,48.048203835616434,Good,Low,Low,Moderate
BUSO-BUSO,Month 4,LSTM,0.3198185,0.5225813,0.23482864,0.43193227,0.027687656,0.1012739,0.5729796,0.16929382,65.87233890524027,Poor,Low,Low,High
BUSO-BUSO,Month 4,CNN-LSTM,0.31716117,0.494775,0.20939991,0.33308136,-0.0071829855,0.11189442,0.4831989,0.17753914,63.3572627681148,Poor,Low,Low,Moderate
BUSO-BUSO,Month 5,CNN,0.26003787,0.52920204,0.24106443,0.38475305,0.015516392,-0.0001224922,0.38094944,0.3886306,48.048203835616434,Good,Low,Low,Moderate
BUSO-BUSO,Month 5,LSTM,0.3198185,0.5225813,0.23482864,0.43193227,0.027687656,0.1012739,0.5729796,0.16929382,65.87233890524027,Poor,Low,Low,High
BUSO-BUSO,Month 5,CNN-LSTM,0.31716117,0.494775,0.20939991,0.33308136,-0.0071829855,0.11189442,0.4831989,0.17753914,63.3572627681148,Poor,Low,Low,Moderate
BUSO-BUSO,Month 6,CNN,0.26003787,0.52920204,0.24106443,0.38475305,0.015516392,-0.0001224922,0.38094944,0.3886306,48.048203835616434,Good,Low,Low,Moderate
BUSO-BUSO,Month 6,LSTM,0.3198185,0.5225813,0.23482864,0.43193227,0.027687656,0.1012739,0.5729796,0.16929382,65.87233890524027,Poor,Low,Low,High
BUSO-BUSO,Month 6,CNN-LSTM,0.31716117,0.494775,0.20939991,0.33308136,-0.0071829855,0.11189442,0.4831989,0.17753914,63.3572627681148,Poor,Low,Low,Moderate
BUSO-BUSO,Month 7,CNN,0.26003787,0.52920204,0.24106443,0.38475305,0.015516392,-0.0001224922,0.38094944,0.3886306,48.048203835616434,Good,Low,Low,Moderate
BUSO-BUSO,Month 7,LSTM,0.3198185,0.5225813,0.23482864,0.43193227,0.027687656,0.1012739,0.5729796,0.16929382,65.87233890524027,Poor,Low,Low,High
BUSO-BUSO,Month 7,CNN-LSTM,0.31716117,0.494775,0.20939991,0.33308136,-0.0071829855,0.11189442,0.4831989,0.17753914,63.3572627681148,Poor,Low,Low,Moderate
BUSO-BUSO,Month 8,CNN,0.26003787,0.52920204,0.24106443,0.38475305,0.015516392,-0.0001224922,0.38094944,0.3886306,48.048203835616434,Good,Low,Low,Moderate
BUSO-BUSO,Month 8,LSTM,0.3198185,0.5225813,0.23482864,0.43193227,0.027687656,0.1012739,0.5729796,0.16929382,65.87233890524027,Poor,Low,Low,High
BUSO-BUSO,Month 8,CNN-LSTM,0.31716117,0.494775,0.20939991,0.33308136,-0.0071829855,0.11189442,0.4831989,0.17753914,63.3572627681148,Poor,Low,Low,Moderate
BUSO-BUSO,Month 9,CNN,0.26003787,0.52920204,0.24106443,0.38475305,0.015516392,-0.0001224922,0.38094944,0.3886306,48.048203835616434,Good,Low,Low,Moderate
BUSO-BUSO,Month 9,LSTM,0.3198185,0.5225813,0.23482864,0.43193227,0.027687656,0.1012739,0.5729796,0.16929382,65.87233890524027,Poor,Low,Low,High
BUSO-BUSO,Month 9,CNN-LSTM,0.31716117,0.494775,0.20939991,0.33308136,-0.0071829855,0.11189442,0.4831989,0.17753914,63.3572627681148,Poor,Low,Low,Moderate
BUSO-BUSO,Month 10,CNN,0.26003787,0.52920204,0.24106443,0.38475305,0.015516392,-0.0001224922,0.38094944,0.3886306,48.048203835616434,Good,Low,Low,Moderate
BUSO-BUSO,Month 10,LSTM,0.3198185,0.5225813,0.23482864,0.43193227,0.027687656,0.1012739,0.5729796,0.16929382,65.87233890524027,Poor,Low,Low,High
BUSO-BUSO,Month 10,CNN-LSTM,0.31716117,0.494775,0.20939991,0.33308136,-0.0071829855,0.11189442,0.4831989,0.17753914,63.3572627681148,Poor,Low,Low,Moderate
BUSO-BUSO,Month 11,CNN,0.26003787,0.52920204,0.24106443,0.38475305,0.015516392,-0.0001224922,0.38094944,0.3886306,48.048203835616434,Good,Low,Low,Moderate
BUSO-BUSO,Month 11,LSTM,0.3198185,0.5225813,0.23482864,0.43193227,0.027687656,0.1012739,0.5729796,0.16929382,65.87233890524027,Poor,Low,Low,High
BUSO-BUSO,Month 11,CNN-LSTM,0.31716117,0.494775,0.20939991,0.33308136,-0.0071829855,0.11189442,0.4831989,0.17753914,63.3572627681148,Poor,Low,Low,Moderate
BUSO-BUSO,Month 12,CNN,0.26003787,0.52920204,0.24106443,0.38475305,0.015516392,-0.0001224922,0.38094944,0.3886306,48.048203835616434,Good,Low,Low,Moderate
BUSO-BUSO,Month 12,LSTM,0.3198185,0.5225813,0.23482864,0.43193227,0.027687656,0.1012739,0.5729796,0.16929382,65.87233890524027,Poor,Low,Low,High
BUSO-BUSO,Month 12,CNN-LSTM,0.31716117,0.494775,0.20939991,0.33308136,-0.0071829855,0.11189442,0.4831989,0.17753914,63.3572627681148,Poor,Low,Low,Moderate
MANALAW,Month 1,CNN,0.29929942,0.5181935,0.25329527,0.41378152,-0.013133624,0.05364923,0.53569794,0.24335526,65.87163473529897,Poor,Low,Low,High
MANALAW,Month 1,LSTM,0.37247038,0.5658168,0.24458659,0.44846755,0.03831821,0.0720244,0.58205885,0.18955925,65.87190642731028,Poor,Low,Low,High
MANALAW,Month 1,CNN-LSTM,0.38447645,0.5636075,0.2709489,0.36958334,0.03451801,0.09297775,0.5298534,0.20692393,65.87221623983474,Poor,Low,Low,High
MANALAW,Month 2,CNN,0.29929942,0.5181935,0.25329527,0.41378152,-0.013133624,0.05364923,0.53569794,0.24335526,65.87163473529897,Poor,Low,Low,High
MANALAW,Month 2,LSTM,0.37247038,0.5658168,0.24458659,0.44846755,0.03831821,0.0720244,0.58205885,0.18955925,65.87190642731028,Poor,Low,Low,High
MANALAW,Month 2,CNN-LSTM,0.38447645,0.5636075,0.2709489,0.36958334,0.03451801,0.09297775,0.5298534,0.20692393,65.87221623983474,Poor,Low,Low,High
MANALAW,Month 3,CNN,0.29929942,0.5181935,0.25329527,0.41378152,-0.013133624,0.05364923,0.53569794,0.24335526,65.87163473529897,Poor,Low,Low,High
MANALAW,Month 3,LSTM,0.37247038,0.5658168,0.24458659,0.44846755,0.03831821,0.0720244,0.58205885,0.18955925,65.87190642731028,Poor,Low,Low,High
MANALAW,Month 3,CNN-LSTM,0.38447645,0.5636075,0.2709489,0.36958334,0.03451801,0.09297775,0.5298534,0.20692393,65.87221623983474,Poor,Low,Low,High
MANALAW,Month 4,CNN,0.29929942,0.5181935,0.25329527,0.41378152,-0.013133624,0.05364923,0.53569794,0.24335526,65.87163473529897,Poor,Low,Low,High
MANALAW,Month 4,LSTM,0.37247038,0.5658168,0.24458659,0.44846755,0.03831821,0.0720244,0.58205885,0.18955925,65.87190642731028,Poor,Low,Low,High
MANALAW,Month 4,CNN-LSTM,0.38447645,0.5636075,0.2709489,0.36958334,0.03451801,0.09297775,0.5298534,0.20692393,65.87221623983474,Poor,Low,Low,High
MANALAW,Month 5,CNN,0.29929942,0.5181935,0.25329527,0.41378152,-0.013133624,0.05364923,0.53569794,0.24335526,65.87163473529897,Poor,Low,Low,High
MANALAW,Month 5,LSTM,0.37247038,0.5658168,0.24458659,0.44846755,0.03831821,0.0720244,0.58205885,0.18955925,65.87190642731028,Poor,Low,Low,High
MANALAW,Month 5,CNN-LSTM,0.38447645,0.5636075,0.2709489,0.36958334,0.03451801,0.09297775,0.5298534,0.20692393,65.87221623983474,Poor,Low,Low,High
MANALAW,Month 6,CNN,0.29929942,0.5181935,0.25329527,0.41378152,-0.013133624,0.05364923,0.53569794,0.24335526,65.87163473529897,Poor,Low,Low,High
MANALAW,Month 6,LSTM,0.37247038,0.5658168,0.24458659,0.44846755,0.03831821,0.0720244,0.58205885,0.18955925,65.87190642731028,Poor,Low,Low,High
MANALAW,Month 6,CNN-LSTM,0.38447645,0.5636075,0.2709489,0.36958334,0.03451801,0.09297775,0.5298534,0.20692393,65.87221623983474,Poor,Low,Low,High
MANALAW,Month 7,CNN,0.29929942,0.5181935,0.25329527,0.41378152,-0.013133624,0.05364923,0.53569794,0.24335526,65.87163473529897,Poor,Low,Low,High
MANALAW,Month 7,LSTM,0.37247038,0.5658168,0.24458659,0.44846755,0.03831821,0.0720244,0.58205885,0.18955925,65.87190642731028,Poor,Low,Low,High
MANALAW,Month 7,CNN-LSTM,0.38447645,0.5636075,0.2709489,0.36958334,0.03451801,0.09297775,0.5298534,0.20692393,65.87221623983474,Poor,Low,Low,High
MANALAW,Month 8,CNN,0.29929942,0.5181935,0.25329527,0.41378152,-0.013133624,0.05364923,0.53569794,0.24335526,65.87163473529897,Poor,Low,Low,High
MANALAW,Month 8,LSTM,0.37247038,0.5658168,0.24458659,0.44846755,0.03831821,0.0720244,0.58205885,0.18955925,65.87190642731028,Poor,Low,Low,High
MANALAW,Month 8,CNN-LSTM,0.38447645,0.5636075,0.2709489,0.36958334,0.03451801,0.09297775,0.5298534,0.20692393,65.87221623983474,Poor,Low,Low,High
MANALAW,Month 9,CNN,0.29929942,0.5181935,0.25329527,0.41378152,-0.013133624,0.05364923,0.53569794,0.24335526,65.87163473529897,Poor,Low,Low,High
MANALAW,Month 9,LSTM,0.37247038,0.5658168,0.24458659,0.44846755,0.03831821,0.0720244,0.58205885,0.18955925,65.87190642731028,Poor,Low,Low,High
MANALAW,Month 9,CNN-LSTM,0.38447645,0.5636075,0.2709489,0.36958334,0.03451801,0.09297775,0.5298534,0.20692393,65.87221623983474,Poor,Low,Low,High
MANALAW,Month 10,CNN,0.29929942,0.5181935,0.25329527,0.41378152,-0.013133624,0.05364923,0.53569794,0.24335526,65.87163473529897,Poor,Low,Low,High
MANALAW,Month 10,LSTM,0.37247038,0.5658168,0.24458659,0.44846755,0.03831821,0.0720244,0.58205885,0.18955925,65.87190642731028,Poor,Low,Low,High
MANALAW,Month 10,CNN-LSTM,0.38447645,0.5636075,0.2709489,0.36958334,0.03451801,0.09297775,0.5298534,0.20692393,65.87221623983474,Poor,Low,Low,High
MANALAW,Month 11,CNN,0.29929942,0.5181935,0.25329527,0.41378152,-0.013133624,0.05364923,0.53569794,0.24335526,65.87163473529897,Poor,Low,Low,High
MANALAW,Month 11,LSTM,0.37247038,0.5658168,0.24458659,0.44846755,0.03831821,0.0720244,0.58205885,0.18955925,65.87190642731028,Poor,Low,Low,High
MANALAW,Month 11,CNN-LSTM,0.38447645,0.5636075,0.2709489,0.36958334,0.03451801,0.09297775,0.5298534,0.20692393,65.87221623983474,Poor,Low,Low,High
MANALAW,Month 12,CNN,0.29929942,0.5181935,0.25329527,0.41378152,-0.013133624,0.05364923,0.53569794,0.24335526,65.87163473529897,Poor,Low,Low,High
MANALAW,Month 12,LSTM,0.37247038,0.5658168,0.24458659,0.44846755,0.03831821,0.0720244,0.58205885,0.18955925,65.87190642731028,Poor,Low,Low,High
MANALAW,Month 12,CNN-LSTM,0.38447645,0.5636075,0.2709489,0.36958334,0.03451801,0.09297775,0.5298534,0.20692393,65.87221623983474,Poor,Low,Low,High
LEVISTE,Month 1,CNN,0.22279243,0.44714883,0.28672233,0.3330372,0.0059070354,0.048316635,0.54866123,0.19583976,65.87155588849315,Poor,Low,Low,High
LEVISTE,Month 1,LSTM,0.38736677,0.55281353,0.2645357,0.43584993,0.036627732,0.096878916,0.5820717,0.16564831,65.87227392178472,Poor,Low,Low,High
LEVISTE,Month 1,CNN-LSTM,0.37962288,0.53842616,0.25275102,0.3802752,0.0021986961,0.13022897,0.5196786,0.15794702,65.87276702978038,Poor,Low,Low,High
LEVISTE,Month 2,CNN,0.22279243,0.44714883,0.28672233,0.3330372,0.0059070354,0.048316635,0.54866123,0.19583976,65.87155588849315,Poor,Low,Low,High
LEVISTE,Month 2,LSTM,0.38736677,0.55281353,0.2645357,0.43584993,0.036627732,0.096878916,0.5820717,0.16564831,65.87227392178472,Poor,Low,Low,High
LEVISTE,Month 2,CNN-LSTM,0.37962288,0.53842616,0.25275102,0.3802752,0.0021986961,0.13022897,0.5196786,0.15794702,65.87276702978038,Poor,Low,Low,High
LEVISTE,Month 3,CNN,0.22279243,0.44714883,0.28672233,0.3330372,0.0059070354,0.048316635,0.54866123,0.19583976,65.87155588849315,Poor,Low,Low,High
LEVISTE,Month 3,LSTM,0.38736677,0.55281353,0.2645357,0.43584993,0.036627732,0.096878916,0.5820717,0.16564831,65.87227392178472,Poor,Low,Low,High
LEVISTE,Month 3,CNN-LSTM,0.37962288,0.53842616,0.25275102,0.3802752,0.0021986961,0.13022897,0.5196786,0.15794702,65.87276702978038,Poor,Low,Low,High
LEVISTE,Month 4,CNN,0.22279243,0.44714883,0.28672233,0.3330372,0.0059070354,0.048316635,0.54866123,0.19583976,65.87155588849315,Poor,Low,Low,High
LEVISTE,Month 4,LSTM,0.38736677,0.55281353,0.2645357,0.43584993,0.036627732,0.096878916,0.5820717,0.16564831,65.87227392178472,Poor,Low,Low,High
LEVISTE,Month 4,CNN-LSTM,0.37962288,0.53842616,0.25275102,0.3802752,0.0021986961,0.13022897,0.5196786,0.15794702,65.87276702978038,Poor,Low,Low,High
LEVISTE,Month 5,CNN,0.22279243,0.44714883,0.28672233,0.3330372,0.0059070354,0.048316635,0.54866123,0.19583976,65.87155588849315,Poor,Low,Low,High
LEVISTE,Month 5,LSTM,0.38736677,0.55281353,0.2645357,0.43584993,0.036627732,0.096878916,0.5820717,0.16564831,65.87227392178472,Poor,Low,Low,High
LEVISTE,Month 5,CNN-LSTM,0.37962288,0.53842616,0.25275102,0.3802752,0.0021986961,0.13022897,0.5196786,0.15794702,65.87276702978038,Poor,Low,Low,High
LEVISTE,Month 6,CNN,0.22279243,0.44714883,0.28672233,0.3330372,0.0059070354,0.048316635,0.54866123,0.19583976,65.87155588849315,Poor,Low,Low,High
LEVISTE,Month 6,LSTM,0.38736677,0.55281353,0.2645357,0.43584993,0.036627732,0.096878916,0.5820717,0.16564831,65.87227392178472,Poor,Low,Low,High
LEVISTE,Month 6,CNN-LSTM,0.37962288,0.53842616,0.25275102,0.3802752,0.0021986961,0.13022897,0.5196786,0.15794702,65.87276702978038,Poor,Low,Low,High
LEVISTE,Month 7,CNN,0.22279243,0.44714883,0.28672233,0.3330372,0.0059070354,0.048316635,0.54866123,0.19583976,65.87155588849315,Poor,Low,Low,High
LEVISTE,Month 7,LSTM,0.38736677,0.55281353,0.2645357,0.43584993,0.036627732,0.096878916,0.5820717,0.16564831,65.87227392178472,Poor,Low,Low,High
LEVISTE,Month 7,CNN-LSTM,0.37962288,0.53842616,0.25275102,0.3802752,0.0021986961,0.13022897,0.5196786,0.15794702,65.87276702978038,Poor,Low,Low,High
LEVISTE,Month 8,CNN,0.22279243,0.44714883,0.28672233,0.3330372,0.0059070354,0.048316635,0.54866123,0.19583976,65.87155588849315,Poor,Low,Low,High
LEVISTE,Month 8,LSTM,0.38736677,0.55281353,0.2645357,0.43584993,0.036627732,0.096878916,0.5820717,0.16564831,65.87227392178472,Poor,Low,Low,High
LEVISTE,Month 8,CNN-LSTM,0.37962288,0.53842616,0.25275102,0.3802752,0.0021986961,0.13022897,0.5196786,0.15794702,65.87276702978038,Poor,Low,Low,High
LEVISTE,Month 9,CNN,0.22279243,0.44714883,0.28672233,0.3330372,0.0059070354,0.048316635,0.54866123,0.19583976,65.87155588849315,Poor,Low,Low,High
LEVISTE,Month 9,LSTM,0.38736677,0.55281353,0.2645357,0.43584993,0.036627732,0.096878916,0.5820717,0.16564831,65.87227392178472,Poor,Low,Low,High
LEVISTE,Month 9,CNN-LSTM,0.37962288,0.53842616,0.25275102,0.3802752,0.0021986961,0.13022897,0.5196786,0.15794702,65.87276702978038,Poor,Low,Low,High
LEVISTE,Month 10,CNN,0.22279243,0.44714883,0.28672233,0.3330372,0.0059070354,0.048316635,0.54866123,0.19583976,65.87155588849315,Poor,Low,Low,High
LEVISTE,Month 10,LSTM,0.38736677,0.55281353,0.2645357,0.43584993,0.036627732,0.096878916,0.5820717,0.16564831,65.87227392178472,Poor,Low,Low,High
LEVISTE,Month 10,CNN-LSTM,0.37962288,0.53842616,0.25275102,0.3802752,0.0021986961,0.13022897,0.5196786,0.15794702,65.87276702978038,Poor,Low,Low,High
LEVISTE,Month 11,CNN,0.22279243,0.44714883,0.28672233,0.3330372,0.0059070354,0.048316635,0.54866123,0.19583976,65.87155588849315,Poor,Low,Low,High
LEVISTE,Month 11,LSTM,0.38736677,0.55281353,0.2645357,0.43584993,0.036627732,0.096878916,0.5820717,0.16564831,65.87227392178472,Poor,Low,Low,High
LEVISTE,Month 11,CNN-LSTM,0.37962288,0.53842616,0.25275102,0.3802752,0.0021986961,0.13022897,0.5196786,0.15794702,65.87276702978038,Poor,Low,Low,High
LEVISTE,Month 12,CNN,0.22279243,0.44714883,0.28672233,0.3330372,0.0059070354,0.048316635,0.54866123,0.19583976,65.87155588849315,Poor,Low,Low,High
LEVISTE,Month 12,LSTM,0.38736677,0.55281353,0.2645357,0.43584993,0.036627732,0.096878916,0.5820717,0.16564831,65.87227392178472,Poor,Low,Low,High
LEVISTE,Month 12,CNN-LSTM,0.37962288,0.53842616,0.25275102,0.3802752,0.0021986961,0.13022897,0.5196786,0.15794702,65.87276702978038,Poor,Low,Low,High
SAN ISIDRO,Month 1,CNN,0.50195646,0.66583174,0.36735502,0.7917364,0.012513219,0.08951165,0.65049696,0.3968318,65.87216499069362,Poor,Low,Low,High
SAN ISIDRO,Month 1,LSTM,0.489439,0.65995806,0.37960938,0.77279574,0.025819147,0.07887006,0.6640639,0.40848064,65.8720076460274,Poor,Low,Low,High
SAN ISIDRO,Month 1,CNN-LSTM,0.5002751,0.6643189,0.3537398,0.8005287,0.0038274527,0.09349001,0.64213425,0.42430353,65.87222381402043,Poor,Low,Low,High
SAN ISIDRO,Month 2,CNN,0.50195646,0.66583174,0.36735502,0.7917364,0.012513219,0.08951165,0.65049696,0.3968318,65.87216499069362,Poor,Low,Low,High
SAN ISIDRO,Month 2,LSTM,0.489439,0.65995806,0.37960938,0.77279574,0.025819147,0.07887006,0.6640639,0.40848064,65.8720076460274,Poor,Low,Low,High
SAN ISIDRO,Month 2,CNN-LSTM,0.5002751,0.6643189,0.3537398,0.8005287,0.0038274527,0.09349001,0.64213425,0.42430353,65.87222381402043,Poor,Low,Low,High
SAN ISIDRO,Month 3,CNN,0.50195646,0.66583174,0.36735502,0.7917364,0.012513219,0.08951165,0.65049696,0.3968318,65.87216499069362,Poor,Low,Low,High
SAN ISIDRO,Month 3,LSTM,0.489439,0.65995806,0.37960938,0.77279574,0.025819147,0.07887006,0.6640639,0.40848064,65.8720076460274,Poor,Low,Low,High
SAN ISIDRO,Month 3,CNN-LSTM,0.5002751,0.6643189,0.3537398,0.8005287,0.0038274527,0.09349001,0.64213425,0.42430353,65.87222381402043,Poor,Low,Low,High
SAN ISIDRO,Month 4,CNN,0.50195646,0.66583174,0.36735502,0.7917364,0.012513219,0.08951165,0.65049696,0.3968318,65.87216499069362,Poor,Low,Low,High
SAN ISIDRO,Month 4,LSTM,0.489439,0.65995806,0.37960938,0.77279574,0.025819147,0.07887006,0.6640639,0.40848064,65.8720076460274,Poor,Low,Low,High
SAN ISIDRO,Month 4,CNN-LSTM,0.5002751,0.6643189,0.3537398,0.8005287,0.0038274527,0.09349001,0.64213425,0.42430353,65.87222381402043,Poor,Low,Low,High
SAN ISIDRO,Month 5,CNN,0.50195646,0.66583174,0.36735502,0.7917364,0.012513219,0.08951165,0.65049696,0.3968318,65.87216499069362,Poor,Low,Low,High
SAN ISIDRO,Month 5,LSTM,0.489439,0.65995806,0.37960938,0.77279574,0.025819147,0.07887006,0.6640639,0.40848064,65.8720076460274,Poor,Low,Low,High
SAN ISIDRO,Month 5,CNN-LSTM,0.5002751,0.6643189,0.3537398,0.8005287,0.0038274527,0.09349001,0.64213425,0.42430353,65.87222381402043,Poor,Low,Low,High
SAN ISIDRO,Month 6,CNN,0.50195646,0.66583174,0.36735502,0.7917364,0.012513219,0.08951165,0.65049696,0.3968318,65.87216499069362,Poor,Low,Low,High
SAN ISIDRO,Month 6,LSTM,0.489439,0.65995806,0.37960938,0.77279574,0.025819147,0.07887006,0.6640639,0.40848064,65.8720076460274,Poor,Low,Low,High
SAN ISIDRO,Month 6,CNN-LSTM,0.5002751,0.6643189,0.3537398,0.8005287,0.0038274527,0.09349001,0.64213425,0.42430353,65.87222381402043,Poor,Low,Low,High
SAN ISIDRO,Month 7,CNN,0.50195646,0.66583174,0.36735502,0.7917364,0.012513219,0.08951165,0.65049696,0.3968318,65.87216499069362,Poor,Low,Low,High
SAN ISIDRO,Month 7,LSTM,0.489439,0.65995806,0.37960938,0.77279574,0.025819147,0.07887006,0.6640639,0.40848064,65.8720076460274,Poor,Low,Low,High
SAN ISIDRO,Month 7,CNN-LSTM,0.5002751,0.6643189,0.3537398,0.8005287,0.0038274527,0.09349001,0.64213425,0.42430353,65.87222381402043,Poor,Low,Low,High
SAN ISIDRO,Month 8,CNN,0.50195646,0.66583174,0.36735502,0.7917364,0.012513219,0.08951165,0.65049696,0.3968318,65.87216499069362,Poor,Low,Low,High
SAN ISIDRO,Month 8,LSTM,0.489439,0.65995806,0.37960938,0.77279574,0.025819147,0.07887006,0.6640639,0.40848064,65.8720076460274,Poor,Low,Low,High
SAN ISIDRO,Month 8,CNN-LSTM,0.5002751,0.6643189,0.3537398,0.8005287,0.0038274527,0.09349001,0.64213425,0.42430353,65.87222381402043,Poor,Low,Low,High
SAN ISIDRO,Month 9,CNN,0.50195646,0.66583174,0.36735502,0.7917364,0.012513219,0.08951165,0.65049696,0.3968318,65.87216499069362,Poor,Low,Low,High
SAN ISIDRO,Month 9,LSTM,0.489439,0.65995806,0.37960938,0.77279574,0.025819147,0.07887006,0.6640639,0.40848064,65.8720076460274,Poor,Low,Low,High
SAN ISIDRO,Month 9,CNN-LSTM,0.5002751,0.6643189,0.3537398,0.8005287,0.0038274527,0.09349001,0.64213425,0.42430353,65.87222381402043,Poor,Low,Low,High
SAN ISIDRO,Month 10,CNN,0.50195646,0.66583174,0.36735502,0.7917364,0.012513219,0.08951165,0.65049696,0.3968318,65.87216499069362,Poor,Low,Low,High
SAN ISIDRO,Month 10,LSTM,0.489439,0.65995806,0.37960938,0.77279574,0.025819147,0.07887006,0.6640639,0.40848064,65.8720076460274,Poor,Low,Low,High
SAN ISIDRO,Month 10,CNN-LSTM,0.5002751,0.6643189,0.3537398,0.8005287,0.0038274527,0.09349001,0.64213425,0.42430353,65.87222381402043,Poor,Low,Low,High
SAN ISIDRO,Month 11,CNN,0.50195646,0.66583174,0.36735502,0.7917364,0.012513219,0.08951165,0.65049696,0.3968318,65.87216499069362,Poor,Low,Low,High
SAN ISIDRO,Month 11,LSTM,0.489439,0.65995806,0.37960938,0.77279574,0.025819147,0.07887006,0.6640639,0.40848064,65.8720076460274,Poor,Low,Low,High
SAN ISIDRO,Month 11,CNN-LSTM,0.5002751,0.6643189,0.3537398,0.8005287,0.0038274527,0.09349001,0.64213425,0.42430353,65.87222381402043,Poor,Low,Low,High
SAN ISIDRO,Month 12,CNN,0.50195646,0.66583174,0.36735502,0.7917364,0.012513219,0.08951165,0.65049696,0.3968318,65.87216499069362,Poor,Low,Low,High
SAN ISIDRO,Month 12,LSTM,0.489439,0.65995806,0.37960938,0.77279574,0.025819147,0.07887006,0.6640639,0.40848064,65.8720076460274,Poor,Low,Low,High
SAN ISIDRO,Month 12,CNN-LSTM,0.5002751,0.6643189,0.3537398,0.8005287,0.0038274527,0.09349001,0.64213425,0.42430353,65.87222381402043,Poor,Low,Low,High
QUILING,Month 1,CNN,0.24170658,0.42728713,0.24399804,0.4912265,0.05850436,-0.03370194,0.42009443,0.24987684,53.90846163405089,Poor,Low,Low,Moderate
QUILING,Month 1,LSTM,0.34659865,0.5222335,0.2529426,0.44643152,0.019200096,0.08769612,0.56153303,0.18672112,65.87213814658838,Poor,Low,Low,High
QUILING,Month 1,CNN-LSTM,0.37595823,0.5467611,0.25739166,0.36817512,0.02939345,0.10577847,0.5097955,0.22732565,65.872405509015,Poor,Low,Low,High
QUILING,Month 2,CNN,0.24170658,0.42728713,0.24399804,0.4912265,0.05850436,-0.03370194,0.42009443,0.24987684,53.90846163405089,Poor,Low,Low,Moderate
QUILING,Month 2,LSTM,0.34659865,0.5222335,0.2529426,0.44643152,0.019200096,0.08769612,0.56153303,0.18672112,65.87213814658838,Poor,Low,Low,High
QUILING,Month 2,CNN-LSTM,0.37595823,0.5467611,0.25739166,0.36817512,0.02939345,0.10577847,0.5097955,0.22732565,65.872405509015,Poor,Low,Low,High
QUILING,Month 3,CNN,0.24170658,0.42728713,0.24399804,0.4912265,0.05850436,-0.03370194,0.42009443,0.24987684,53.90846163405089,Poor,Low,Low,Moderate
QUILING,Month 3,LSTM,0.34659865,0.5222335,0.2529426,0.44643152,0.019200096,0.08769612,0.56153303,0.18672112,65.87213814658838,Poor,Low,Low,High
QUILING,Month 3,CNN-LSTM,0.37595823,0.5467611,0.25739166,0.36817512,0.02939345,0.10577847,0.5097955,0.22732565,65.872405509015,Poor,Low,Low,High
QUILING,Month 4,CNN,0.24170658,0.42728713,0.24399804,0.4912265,0.05850436,-0.03370194,0.42009443,0.24987684,53.90846163405089,Poor,Low,Low,Moderate
QUILING,Month 4,LSTM,0.34659865,0.5222335,0.2529426,0.44643152,0.019200096,0.08769612,0.56153303,0.18672112,65.87213814658838,Poor,Low,Low,High
QUILING,Month 4,CNN-LSTM,0.37595823,0.5467611,0.25739166,0.36817512,0.02939345,0.10577847,0.5097955,0.22732565,65.872405509015,Poor,Low,Low,High
QUILING,Month 5,CNN,0.24170658,0.42728713,0.24399804,0.4912265,0.05850436,-0.03370194,0.42009443,0.24987684,53.90846163405089,Poor,Low,Low,Moderate
QUILING,Month 5,LSTM,0.34659865,0.5222335,0.2529426,0.44643152,0.019200096,0.08769612,0.56153303,0.18672112,65.87213814658838,Poor,Low,Low,High
QUILING,Month 5,CNN-LSTM,0.37595823,0.5467611,0.25739166,0.36817512,0.02939345,0.10577847,0.5097955,0.22732565,65.872405509015,Poor,Low,Low,High
QUILING,Month 6,CNN,0.24170658,0.42728713,0.24399804,0.4912265,0.05850436,-0.03370194,0.42009443,0.24987684,53.90846163405089,Poor,Low,Low,Moderate
QUILING,Month 6,LSTM,0.34659865,0.5222335,0.2529426,0.44643152,0.019200096,0.08769612,0.56153303,0.18672112,65.87213814658838,Poor,Low,Low,High
QUILING,Month 6,CNN-LSTM,0.37595823,0.5467611,0.25739166,0.36817512,0.02939345,0.10577847,0.5097955,0.22732565,65.872405509015,Poor,Low,Low,High
QUILING,Month 7,CNN,0.24170658,0.42728713,0.24399804,0.4912265,0.05850436,-0.03370194,0.42009443,0.24987684,53.90846163405089,Poor,Low,Low,Moderate
QUILING,Month 7,LSTM,0.34659865,0.5222335,0.2529426,0.44643152,0.019200096,0.08769612,0.56153303,0.18672112,65.87213814658838,Poor,Low,Low,High
QUILING,Month 7,CNN-LSTM,0.37595823,0.5467611,0.25739166,0.36817512,0.02939345,0.10577847,0.5097955,0.22732565,65.872405509015,Poor,Low,Low,High
QUILING,Month 8,CNN,0.24170658,0.42728713,0.24399804,0.4912265,0.05850436,-0.03370194,0.42009443,0.24987684,53.90846163405089,Poor,Low,Low,Moderate
QUILING,Month 8,LSTM,0.34659865,0.5222335,0.2529426,0.44643152,0.019200096,0.08769612,0.56153303,0.18672112,65.87213814658838,Poor,Low,Low,High
QUILING,Month 8,CNN-LSTM,0.37595823,0.5467611,0.25739166,0.36817512,0.02939345,0.10577847,0.5097955,0.22732565,65.872405509015,Poor,Low,Low,High
QUILING,Month 9,CNN,0.24170658,0.42728713,0.24399804,0.4912265,0.05850436,-0.03370194,0.42009443,0.24987684,53.90846163405089,Poor,Low,Low,Moderate
QUILING,Month 9,LSTM,0.34659865,0.5222335,0.2529426,0.44643152,0.019200096,0.08769612,0.56153303,0.18672112,65.87213814658838,Poor,Low,Low,High
QUILING,Month 9,CNN-LSTM,0.37595823,0.5467611,0.25739166,0.36817512,0.02939345,0.10577847,0.5097955,0.22732565,65.872405509015,Poor,Low,Low,High
QUILING,Month 10,CNN,0.24170658,0.42728713,0.24399804,0.4912265,0.05850436,-0.03370194,0.42009443,0.24987684,53.90846163405089,Poor,Low,Low,Moderate
QUILING,Month 10,LSTM,0.34659865,0.5222335,0.2529426,0.44643152,0.019200096,0.08769612,0.56153303,0.18672112,65.87213814658838,Poor,Low,Low,High
QUILING,Month 10,CNN-LSTM,0.37595823,0.5467611,0.25739166,0.36817512,0.02939345,0.10577847,0.5097955,0.22732565,65.872405509015,Poor,Low,Low,High
QUILING,Month 11,CNN,0.24170658,0.42728713,0.24399804,0.4912265,0.05850436,-0.03370194,0.42009443,0.24987684,53.90846163405089,Poor,Low,Low,Moderate
QUILING,Month 11,LSTM,0.34659865,0.5222335,0.2529426,0.44643152,0.019200096,0.08769612,0.56153303,0.18672112,65.87213814658838,Poor,Low,Low,High
QUILING,Month 11,CNN-LSTM,0.37595823,0.5467611,0.25739166,0.36817512,0.02939345,0.10577847,0.5097955,0.22732565,65.872405509015,Poor,Low,Low,High
QUILING,Month 12,CNN,0.24170658,0.42728713,0.24399804,0.4912265,0.05850436,-0.03370194,0.42009443,0.24987684,53.90846163405089,Poor,Low,Low,Moderate
QUILING,Month 12,LSTM,0.34659865,0.5222335,0.2529426,0.44643152,0.019200096,0.08769612,0.56153303,0.18672112,65.87213814658838,Poor,Low,Low,High
QUILING,Month 12,CNN-LSTM,0.37595823,0.5467611,0.25739166,0.36817512,0.02939345,0.10577847,0.5097955,0.22732565,65.872405509015,Poor,Low,Low,High
NANGKAAN,Month 1,CNN,0.37955087,0.5752638,0.32190126,0.05914413,0.037087254,0.27892396,0.4908285,0.2706187,64.50193282871928,Poor,Low,Low,Moderate
NANGKAAN,Month 1,LSTM,0.43664443,0.60273314,0.2948376,0.112560034,0.04044036,0.098707035,0.44005612,0.22605589,56.898315002909314,Poor,Low,Low,Moderate
NANGKAAN,Month 1,CNN-LSTM,0.39699966,0.58727086,0.29303357,0.18040045,0.0152134225,0.12248084,0.47925135,0.25975192,62.76644556906283,Poor,Low,Low,Moderate
NANGKAAN,Month 2,CNN,0.37955087,0.5752638,0.32190126,0.05914413,0.037087254,0.27892396,0.4908285,0.2706187,64.50193282871928,Poor,Low,Low,Moderate
NANGKAAN,Month 2,LSTM,0.43664443,0.60273314,0.2948376,0.112560034,0.04044036,0.098707035,0.44005612,0.22605589,56.898315002909314,Poor,Low,Low,Moderate
NANGKAAN,Month 2,CNN-LSTM,0.39699966,0.58727086,0.29303357,0.18040045,0.0152134225,0.12248084,0.47925135,0.25975192,62.76644556906283,Poor,Low,Low,Moderate
NANGKAAN,Month 3,CNN,0.37955087,0.5752638,0.32190126,0.05914413,0.037087254,0.27892396,0.4908285,0.2706187,64.50193282871928,Poor,Low,Low,Moderate
NANGKAAN,Month 3,LSTM,0.43664443,0.60273314,0.2948376,0.112560034,0.04044036,0.098707035,0.44005612,0.22605589,56.898315002909314,Poor,Low,Low,Moderate
NANGKAAN,Month 3,CNN-LSTM,0.39699966,0.58727086,0.29303357,0.18040045,0.0152134225,0.12248084,0.47925135,0.25975192,62.76644556906283,Poor,Low,Low,Moderate
NANGKAAN,Month 4,CNN,0.37955087,0.5752638,0.32190126,0.05914413,0.037087254,0.27892396,0.4908285,0.2706187,64.50193282871928,Poor,Low,Low,Moderate
NANGKAAN,Month 4,LSTM,0.43664443,0.60273314,0.2948376,0.112560034,0.04044036,0.098707035,0.44005612,0.22605589,56.898315002909314,Poor,Low,Low,Moderate
NANGKAAN,Month 4,CNN-LSTM,0.39699966,0.58727086,0.29303357,0.18040045,0.0152134225,0.12248084,0.47925135,0.25975192,62.76644556906283,Poor,Low,Low,Moderate
NANGKAAN,Month 5,CNN,0.37955087,0.5752638,0.32190126,0.05914413,0.037087254,0.27892396,0.4908285,0.2706187,64.50193282871928,Poor,Low,Low,Moderate
NANGKAAN,Month 5,LSTM,0.43664443,0.60273314,0.2948376,0.112560034,0.04044036,0.098707035,0.44005612,0.22605589,56.898315002909314,Poor,Low,Low,Moderate
NANGKAAN,Month 5,CNN-LSTM,0.39699966,0.58727086,0.29303357,0.18040045,0.0152134225,0.12248084,0.47925135,0.25975192,62.76644556906283,Poor,Low,Low,Moderate
NANGKAAN,Month 6,CNN,0.37955087,0.5752638,0.32190126,0.05914413,0.037087254,0.27892396,0.4908285,0.2706187,64.50193282871928,Poor,Low,Low,Moderate
NANGKAAN,Month 6,LSTM,0.43664443,0.60273314,0.2948376,0.112560034,0.04044036,0.098707035,0.44005612,0.22605589,56.898315002909314,Poor,Low,Low,Moderate
NANGKAAN,Month 6,CNN-LSTM,0.39699966,0.58727086,0.29303357,0.18040045,0.0152134225,0.12248084,0.47925135,0.25975192,62.76644556906283,Poor,Low,Low,Moderate
NANGKAAN,Month 7,CNN,0.37955087,0.5752638,0.32190126,0.05914413,0.037087254,0.27892396,0.4908285,0.2706187,64.50193282871928,Poor,Low,Low,Moderate
NANGKAAN,Month 7,LSTM,0.43664443,0.60273314,0.2948376,0.112560034,0.04044036,0.098707035,0.44005612,0.22605589,56.898315002909314,Poor,Low,Low,Moderate
NANGKAAN,Month 7,CNN-LSTM,0.39699966,0.58727086,0.29303357,0.18040045,0.0152134225,0.12248084,0.47925135,0.25975192,62.76644556906283,Poor,Low,Low,Moderate
NANGKAAN,Month 8,CNN,0.37955087,0.5752638,0.32190126,0.05914413,0.037087254,0.27892396,0.4908285,0.2706187,64.50193282871928,Poor,Low,Low,Moderate
NANGKAAN,Month 8,LSTM,0.43664443,0.60273314,0.2948376,0.112560034,0.04044036,0.098707035,0.44005612,0.22605589,56.898315002909314,Poor,Low,Low,Moderate
NANGKAAN,Month 8,CNN-LSTM,0.39699966,0.58727086,0.29303357,0.18040045,0.0152134225,0.12248084,0.47925135,0.25975192,62.76644556906283,Poor,Low,Low,Moderate
NANGKAAN,Month 9,CNN,0.37955087,0.5752638,0.32190126,0.05914413,0.037087254,0.27892396,0.4908285,0.2706187,64.50193282871928,Poor,Low,Low,Moderate
NANGKAAN,Month 9,LSTM,0.43664443,0.60273314,0.2948376,0.112560034,0.04044036,0.098707035,0.44005612,0.22605589,56.898315002909314,Poor,Low,Low,Moderate
NANGKAAN,Month 9,CNN-LSTM,0.39699966,0.58727086,0.29303357,0.18040045,0.0152134225,0.12248084,0.47925135,0.25975192,62.76644556906283,Poor,Low,Low,Moderate
NANGKAAN,Month 10,CNN,0.37955087,0.5752638,0.32190126,0.05914413,0.037087254,0.27892396,0.4908285,0.2706187,64.50193282871928,Poor,Low,Low,Moderate
NANGKAAN,Month 10,LSTM,0.43664443,0.60273314,0.2948376,0.112560034,0.04044036,0.098707035,0.44005612,0.22605589,56.898315002909314,Poor,Low,Low,Moderate
NANGKAAN,Month 10,CNN-LSTM,0.39699966,0.58727086,0.29303357,0.18040045,0.0152134225,0.12248084,0.47925135,0.25975192,62.76644556906283,Poor,Low,Low,Moderate
NANGKAAN,Month 11,CNN,0.37955087,0.5752638,0.32190126,0.05914413,0.037087254,0.27892396,0.4908285,0.2706187,64.50193282871928,Poor,Low,Low,Moderate
NANGKAAN,Month 11,LSTM,0.43664443,0.60273314,0.2948376,0.112560034,0.04044036,0.098707035,0.44005612,0.22605589,56.898315002909314,Poor,Low,Low,Moderate
NANGKAAN,Month 11,CNN-LSTM,0.39699966,0.58727086,0.29303357,0.18040045,0.0152134225,0.12248084,0.47925135,0.25975192,62.76644556906283,Poor,Low,Low,Moderate
NANGKAAN,Month 12,CNN,0.37955087,0.5752638,0.32190126,0.05914413,0.037087254,0.27892396,0.4908285,0.2706187,64.50193282871928,Poor,Low,Low,Moderate
NANGKAAN,Month 12,LSTM,0.43664443,0.60273314,0.2948376,0.112560034,0.04044036,0.098707035,0.44005612,0.22605589,56.898315002909314,Poor,Low,Low,Moderate
NANGKAAN,Month 12,CNN-LSTM,0.39699966,0.58727086,0.29303357,0.18040045,0.0152134225,0.12248084,0.47925135,0.25975192,62.76644556906283,Poor,Low,Low,Moderate
